/*
*---------------------------------------------------------------
*                        Lvgl Font Tool                         
*                                                               
* 注:使用unicode编码                                              
* 注:本字体文件由Lvgl Font Tool V0.4 生成                          
* 作者:阿里(qq:617622104)                                         
*---------------------------------------------------------------
*/


#include "lvgl.h"


typedef struct{
    uint16_t min;
    uint16_t max;
    uint8_t  bpp;
    uint8_t  reserved[3];
}x_header_t;
typedef struct{
    uint32_t pos;
}x_table_t;
typedef struct{
    uint8_t adv_w;
    uint8_t box_w;
    uint8_t box_h;
    int8_t  ofs_x;
    int8_t  ofs_y;
    uint8_t r;
}glyph_dsc_t;


static const uint8_t glyph_dsc_xbf[] = {

0x20,0x00,0x7f,0x00,0x08,0x00,0x00,0x00,//xbf header

0x88,0x01,0x00,0x00,//0x0020
0x8e,0x01,0x00,0x00,//0x0021
0xdf,0x01,0x00,0x00,//0x0022
0x0f,0x02,0x00,0x00,//0x0023
0xe7,0x02,0x00,0x00,//0x0024
0xfe,0x03,0x00,0x00,//0x0025
0x1c,0x05,0x00,0x00,//0x0026
0xe5,0x05,0x00,0x00,//0x0027
0xfd,0x05,0x00,0x00,//0x0028
0x6f,0x06,0x00,0x00,//0x0029
0xf3,0x06,0x00,0x00,//0x002a
0x39,0x07,0x00,0x00,//0x002b
0x99,0x07,0x00,0x00,//0x002c
0xbd,0x07,0x00,0x00,//0x002d
0xd5,0x07,0x00,0x00,//0x002e
0xef,0x07,0x00,0x00,//0x002f
0xb3,0x08,0x00,0x00,//0x0030
0x61,0x09,0x00,0x00,//0x0031
0xd7,0x09,0x00,0x00,//0x0032
0x85,0x0a,0x00,0x00,//0x0033
0x33,0x0b,0x00,0x00,//0x0034
0xef,0x0b,0x00,0x00,//0x0035
0x9d,0x0c,0x00,0x00,//0x0036
0x4b,0x0d,0x00,0x00,//0x0037
0xf9,0x0d,0x00,0x00,//0x0038
0xa7,0x0e,0x00,0x00,//0x0039
0x55,0x0f,0x00,0x00,//0x003a
0x8d,0x0f,0x00,0x00,//0x003b
0xcf,0x0f,0x00,0x00,//0x003c
0x43,0x10,0x00,0x00,//0x003d
0x8f,0x10,0x00,0x00,//0x003e
0x03,0x11,0x00,0x00,//0x003f
0x87,0x11,0x00,0x00,//0x0040
0xbf,0x12,0x00,0x00,//0x0041
0xb3,0x13,0x00,0x00,//0x0042
0x6f,0x14,0x00,0x00,//0x0043
0x39,0x15,0x00,0x00,//0x0044
0x03,0x16,0x00,0x00,//0x0045
0xb1,0x16,0x00,0x00,//0x0046
0x51,0x17,0x00,0x00,//0x0047
0x1b,0x18,0x00,0x00,//0x0048
0xe5,0x18,0x00,0x00,//0x0049
0x31,0x19,0x00,0x00,//0x004a
0xd1,0x19,0x00,0x00,//0x004b
0x9b,0x1a,0x00,0x00,//0x004c
0x2d,0x1b,0x00,0x00,//0x004d
0x13,0x1c,0x00,0x00,//0x004e
0xdd,0x1c,0x00,0x00,//0x004f
0xc3,0x1d,0x00,0x00,//0x0050
0x7f,0x1e,0x00,0x00,//0x0051
0xa6,0x1f,0x00,0x00,//0x0052
0x62,0x20,0x00,0x00,//0x0053
0x1e,0x21,0x00,0x00,//0x0054
0xda,0x21,0x00,0x00,//0x0055
0xa4,0x22,0x00,0x00,//0x0056
0x8a,0x23,0x00,0x00,//0x0057
0xd2,0x24,0x00,0x00,//0x0058
0xaa,0x25,0x00,0x00,//0x0059
0x82,0x26,0x00,0x00,//0x005a
0x3e,0x27,0x00,0x00,//0x005b
0xb0,0x27,0x00,0x00,//0x005c
0x74,0x28,0x00,0x00,//0x005d
0xf8,0x28,0x00,0x00,//0x005e
0x56,0x29,0x00,0x00,//0x005f
0x74,0x29,0x00,0x00,//0x0060
0x96,0x29,0x00,0x00,//0x0061
0x15,0x2a,0x00,0x00,//0x0062
0xde,0x2a,0x00,0x00,//0x0063
0x5d,0x2b,0x00,0x00,//0x0064
0x26,0x2c,0x00,0x00,//0x0065
0xb0,0x2c,0x00,0x00,//0x0066
0x56,0x2d,0x00,0x00,//0x0067
0x10,0x2e,0x00,0x00,//0x0068
0xca,0x2e,0x00,0x00,//0x0069
0x10,0x2f,0x00,0x00,//0x006a
0xbe,0x2f,0x00,0x00,//0x006b
0x78,0x30,0x00,0x00,//0x006c
0xc9,0x30,0x00,0x00,//0x006d
0xa0,0x31,0x00,0x00,//0x006e
0x2a,0x32,0x00,0x00,//0x006f
0xbf,0x32,0x00,0x00,//0x0070
0x88,0x33,0x00,0x00,//0x0071
0x51,0x34,0x00,0x00,//0x0072
0xaf,0x34,0x00,0x00,//0x0073
0x23,0x35,0x00,0x00,//0x0074
0xb0,0x35,0x00,0x00,//0x0075
0x2f,0x36,0x00,0x00,//0x0076
0xc4,0x36,0x00,0x00,//0x0077
0xa6,0x37,0x00,0x00,//0x0078
0x3b,0x38,0x00,0x00,//0x0079
0x04,0x39,0x00,0x00,//0x007a
0x83,0x39,0x00,0x00,//0x007b
0x07,0x3a,0x00,0x00,//0x007c
0x59,0x3a,0x00,0x00,//0x007d
0xdd,0x3a,0x00,0x00,//0x007e
0x10,0x3b,0x00,0x00,//0x007f

/*   */
6,6,0,0,5,0,  //dsc : unicode = 0x0020



/* ! */
5,5,15,0,5,0,  //dsc : unicode = 0x0021
0x00,0x17,0x17,0x17,0x09,  //.++++
0x00,0xfb,0xff,0xff,0x63,  //.@@@*
0x00,0xfb,0xff,0xff,0x63,  //.@@@*
0x00,0xfb,0xff,0xff,0x63,  //.@@@*
0x00,0xf8,0xff,0xff,0x60,  //.@@@*
0x00,0xdf,0xff,0xff,0x45,  //.@@@*
0x00,0xc3,0xff,0xff,0x28,  //.@@@+
0x00,0xa6,0xff,0xff,0x0b,  //.%@@+
0x00,0x8a,0xff,0xee,0x00,  //.%@@.
0x00,0x6c,0xfb,0xce,0x00,  //.*@@.
0x00,0x00,0x00,0x00,0x00,  //.....
0x00,0x0d,0x59,0x1f,0x00,  //.+*+.
0x00,0xc5,0xff,0xf9,0x14,  //.@@@+
0x02,0xf0,0xff,0xff,0x3d,  //+@@@+
0x00,0x6d,0xe5,0xa4,0x01,  //.*@%+


/* " */
8,7,6,1,13,0,  //dsc : unicode = 0x0022
0xcf,0xff,0xdf,0x00,0xf7,0xff,0xb7,  //@@@.@@%
0xcf,0xff,0xdf,0x00,0xf7,0xff,0xb7,  //@@@.@@%
0xcf,0xff,0xdf,0x00,0xf7,0xff,0xb7,  //@@@.@@%
0xcf,0xff,0xdf,0x00,0xf7,0xff,0xb7,  //@@@.@@%
0xcf,0xff,0xdf,0x00,0xf7,0xff,0xb7,  //@@@.@@%
0x74,0x8f,0x7d,0x00,0x8b,0x8f,0x67,  //*%*.%%*


/* # */
15,15,14,0,5,0,  //dsc : unicode = 0x0023
0x00,0x00,0x00,0x00,0xc1,0xff,0xce,0x00,0x00,0x79,0xff,0xff,0x16,0x00,0x00,  //....@@@..*@@+..
0x00,0x00,0x00,0x00,0xe4,0xff,0xab,0x00,0x00,0x9c,0xff,0xf3,0x00,0x00,0x00,  //....@@%..%@@...
0x00,0x00,0x00,0x08,0xfe,0xff,0x88,0x00,0x00,0xbe,0xff,0xd0,0x00,0x00,0x00,  //...+@@%..%@@...
0x00,0xd6,0xff,0xff,0xff,0xff,0xff,0xff,0xff,0xff,0xff,0xff,0xff,0xff,0x61,  //.@@@@@@@@@@@@@*
0x00,0xf3,0xff,0xff,0xff,0xff,0xff,0xff,0xff,0xff,0xff,0xff,0xff,0xff,0x44,  //.@@@@@@@@@@@@@*
0x04,0x83,0x83,0xb8,0xff,0xff,0x95,0x83,0x95,0xff,0xff,0xb8,0x83,0x83,0x18,  //+%%%@@%%%@@%%%+
0x00,0x00,0x00,0x82,0xff,0xff,0x0d,0x00,0x3a,0xff,0xff,0x55,0x00,0x00,0x00,  //...%@@+.+@@*...
0x00,0x00,0x00,0xa0,0xff,0xee,0x00,0x00,0x58,0xff,0xff,0x36,0x00,0x00,0x00,  //...%@@..*@@+...
0x39,0x77,0x77,0xd9,0xff,0xea,0x77,0x77,0xb3,0xff,0xff,0x88,0x77,0x5a,0x00,  //+**@@@**%@@%**.
0x90,0xff,0xff,0xff,0xff,0xff,0xff,0xff,0xff,0xff,0xff,0xff,0xff,0xab,0x00,  //%@@@@@@@@@@@@%.
0xad,0xff,0xff,0xff,0xff,0xff,0xff,0xff,0xff,0xff,0xff,0xff,0xff,0x8e,0x00,  //%@@@@@@@@@@@@%.
0x00,0x00,0x1b,0xff,0xff,0x73,0x00,0x00,0xd3,0xff,0xbb,0x00,0x00,0x00,0x00,  //..+@@*..@@%....
0x00,0x00,0x3b,0xff,0xff,0x53,0x00,0x00,0xf3,0xff,0x9b,0x00,0x00,0x00,0x00,  //..+@@*..@@%....
0x00,0x00,0x5b,0xff,0xff,0x33,0x00,0x13,0xff,0xff,0x7b,0x00,0x00,0x00,0x00,  //..*@@+.+@@*....


/* $ */
13,13,21,0,1,0,  //dsc : unicode = 0x0024
0x00,0x00,0x00,0x00,0x00,0x94,0xe7,0xe7,0x03,0x00,0x00,0x00,0x00,  //.....%@@+....
0x00,0x00,0x00,0x00,0x00,0xa3,0xff,0xff,0x03,0x00,0x00,0x00,0x00,  //.....%@@+....
0x00,0x00,0x00,0x00,0x00,0xa3,0xff,0xff,0x03,0x00,0x00,0x00,0x00,  //.....%@@+....
0x00,0x00,0x00,0x5e,0xbd,0xfa,0xff,0xff,0xe3,0xa9,0x64,0x08,0x00,  //...*%@@@@%*+.
0x00,0x01,0xad,0xff,0xff,0xff,0xff,0xff,0xff,0xff,0xff,0xe7,0x2c,  //.+%@@@@@@@@@+
0x00,0x65,0xff,0xff,0xff,0xff,0xed,0xff,0xff,0xff,0xff,0xe2,0x05,  //.*@@@@@@@@@@+
0x00,0xb0,0xff,0xff,0xff,0x41,0x00,0x14,0x4c,0xb2,0xfe,0x6d,0x00,  //.%@@@*.+*%@*.
0x00,0xbd,0xff,0xff,0xff,0x74,0x01,0x00,0x00,0x00,0x27,0x09,0x00,  //.%@@@*+...++.
0x00,0x85,0xff,0xff,0xff,0xff,0xdd,0x8e,0x3f,0x01,0x00,0x00,0x00,  //.%@@@@@%++...
0x00,0x0e,0xd6,0xff,0xff,0xff,0xff,0xff,0xff,0xe0,0x63,0x00,0x00,  //.+@@@@@@@@*..
0x00,0x00,0x0a,0x82,0xe6,0xff,0xff,0xff,0xff,0xff,0xff,0x8d,0x00,  //..+%@@@@@@@%.
0x00,0x00,0x00,0x00,0x02,0x3a,0x86,0xda,0xff,0xff,0xff,0xff,0x24,  //....++%@@@@@+
0x00,0x75,0x7d,0x07,0x00,0x00,0x00,0x04,0xaf,0xff,0xff,0xff,0x59,  //.**+...+%@@@*
0x0f,0xee,0xff,0xdc,0x5d,0x0e,0x00,0x07,0xb4,0xff,0xff,0xff,0x47,  //+@@@*+.+%@@@*
0x7a,0xff,0xff,0xff,0xff,0xfd,0xe3,0xf8,0xff,0xff,0xff,0xef,0x11,  //*@@@@@@@@@@@+
0x13,0x98,0xfd,0xff,0xff,0xff,0xff,0xff,0xff,0xff,0xf8,0x4f,0x00,  //+%@@@@@@@@@*.
0x00,0x00,0x2b,0x7e,0xc4,0xfb,0xff,0xff,0xe0,0x9e,0x24,0x00,0x00,  //..+*@@@@@%+..
0x00,0x00,0x00,0x00,0x00,0xa3,0xff,0xff,0x03,0x00,0x00,0x00,0x00,  //.....%@@+....
0x00,0x00,0x00,0x00,0x00,0xa3,0xff,0xff,0x03,0x00,0x00,0x00,0x00,  //.....%@@+....
0x00,0x00,0x00,0x00,0x00,0xa3,0xff,0xff,0x03,0x00,0x00,0x00,0x00,  //.....%@@+....
0x00,0x00,0x00,0x00,0x00,0x0f,0x17,0x17,0x00,0x00,0x00,0x00,0x00,  //.....+++.....


/* % */
20,20,14,0,5,0,  //dsc : unicode = 0x0025
0x00,0x00,0x69,0xce,0xf3,0xd2,0x77,0x03,0x00,0x00,0x00,0x00,0x04,0xc7,0xff,0xff,0x88,0x00,0x00,0x00,  //..*@@@*+....+@@@%...
0x00,0x80,0xff,0xff,0xfd,0xff,0xff,0x9f,0x00,0x00,0x00,0x00,0x82,0xff,0xff,0xcb,0x05,0x00,0x00,0x00,  //.%@@@@@%....%@@@+...
0x13,0xf6,0xff,0x71,0x03,0x62,0xff,0xff,0x2a,0x00,0x00,0x3c,0xfc,0xff,0xf4,0x26,0x00,0x00,0x00,0x00,  //+@@*+*@@+..+@@@+....
0x40,0xff,0xf9,0x0c,0x00,0x04,0xf0,0xff,0x5d,0x00,0x0f,0xdf,0xff,0xff,0x64,0x00,0x00,0x00,0x00,0x00,  //*@@+.+@@*.+@@@*.....
0x58,0xff,0xf9,0x0b,0x00,0x04,0xf0,0xff,0x5d,0x00,0xa5,0xff,0xff,0xad,0x00,0x00,0x00,0x00,0x00,0x00,  //*@@+.+@@*.%@@%......
0x2c,0xff,0xff,0x6f,0x01,0x5f,0xff,0xff,0x2b,0x5c,0xff,0xff,0xe4,0x12,0x00,0x00,0x00,0x00,0x00,0x00,  //+@@*+*@@+*@@@+......
0x00,0xa5,0xff,0xff,0xfb,0xff,0xff,0xa1,0x21,0xf1,0xff,0xfe,0x43,0x26,0xaf,0xe7,0xe8,0xb2,0x29,0x00,  //.%@@@@@%+@@@*+%@@%+.
0x00,0x05,0x77,0xd2,0xf4,0xd4,0x7a,0x08,0xc5,0xff,0xff,0x8a,0x20,0xf3,0xff,0xfe,0xfe,0xff,0xf6,0x24,  //.+*@@@*+@@@%+@@@@@@+
0x00,0x00,0x00,0x00,0x00,0x00,0x00,0x80,0xff,0xff,0xcd,0x06,0x9e,0xff,0xd7,0x16,0x14,0xd3,0xff,0xa5,  //.......%@@@+%@@++@@%
0x00,0x00,0x00,0x00,0x00,0x00,0x3a,0xfc,0xff,0xf5,0x27,0x00,0xd2,0xff,0x80,0x00,0x00,0x79,0xff,0xd9,  //......+@@@+.@@%..*@@
0x00,0x00,0x00,0x00,0x00,0x0e,0xde,0xff,0xff,0x66,0x00,0x00,0xd2,0xff,0x80,0x00,0x00,0x79,0xff,0xd9,  //.....+@@@*..@@%..*@@
0x00,0x00,0x00,0x00,0x00,0xa3,0xff,0xff,0xaf,0x00,0x00,0x00,0x9f,0xff,0xd6,0x13,0x11,0xd2,0xff,0xa6,  //.....%@@%...%@@++@@%
0x00,0x00,0x00,0x00,0x5a,0xff,0xff,0xe5,0x13,0x00,0x00,0x00,0x21,0xf4,0xff,0xfd,0xfd,0xff,0xf7,0x26,  //....*@@@+...+@@@@@@+
0x00,0x00,0x00,0x1f,0xf0,0xff,0xfe,0x44,0x00,0x00,0x00,0x00,0x00,0x27,0xb2,0xe8,0xea,0xb4,0x2b,0x00,  //...+@@@*.....+%@@%+.


/* & */
14,13,15,1,4,0,  //dsc : unicode = 0x0026
0x00,0x00,0x08,0x76,0xd2,0xf4,0xe2,0xaa,0x2d,0x00,0x00,0x00,0x00,  //..+*@@@%+....
0x00,0x00,0xa9,0xff,0xff,0xff,0xff,0xff,0xf4,0x2e,0x00,0x00,0x00,  //..%@@@@@@+...
0x00,0x23,0xff,0xff,0xce,0x27,0x6c,0xff,0xff,0x99,0x00,0x00,0x00,  //.+@@@+*@@%...
0x00,0x43,0xff,0xff,0x83,0x00,0x1f,0xff,0xff,0xaa,0x00,0x00,0x00,  //.*@@%.+@@%...
0x00,0x18,0xfe,0xff,0xc7,0x1a,0xbf,0xff,0xff,0x5a,0x00,0x00,0x00,  //.+@@@+%@@*...
0x00,0x00,0xa3,0xff,0xff,0xf5,0xff,0xfc,0x85,0x00,0x00,0x00,0x00,  //..%@@@@@%....
0x00,0x00,0x75,0xff,0xff,0xff,0xda,0x34,0x00,0x07,0x00,0x00,0x00,  //..*@@@@+.+...
0x09,0xa4,0xff,0xff,0xff,0xff,0xf0,0x35,0x00,0xbe,0x7e,0x03,0x00,  //+%@@@@@+.%*+.
0x83,0xff,0xff,0xa5,0x54,0xfb,0xff,0xef,0x65,0xff,0xff,0x95,0x00,  //%@@%*@@@*@@%.
0xd1,0xff,0xff,0x18,0x00,0x54,0xfb,0xff,0xff,0xff,0xff,0x36,0x00,  //@@@+.*@@@@@+.
0xcb,0xff,0xff,0x41,0x00,0x00,0x59,0xff,0xff,0xff,0xb7,0x00,0x00,  //@@@*..*@@@%..
0x86,0xff,0xff,0xf9,0xb1,0x98,0xe5,0xff,0xff,0xff,0xfa,0x56,0x00,  //%@@@%%@@@@@*.
0x08,0xca,0xff,0xff,0xff,0xff,0xff,0xff,0xc7,0xf4,0xff,0xfd,0x4e,  //+@@@@@@@@@@@*
0x00,0x06,0x70,0xc8,0xf0,0xe4,0xb6,0x54,0x00,0x3c,0xf2,0xc0,0x0b,  //.+*@@@%*.+@@+
0x00,0x00,0x00,0x00,0x00,0x00,0x00,0x00,0x00,0x00,0x2e,0x0a,0x00,  //..........++.


/* ' */
4,3,6,1,13,0,  //dsc : unicode = 0x0027
0xcf,0xff,0xdf,  //@@@
0xcf,0xff,0xdf,  //@@@
0xcf,0xff,0xdf,  //@@@
0xcf,0xff,0xdf,  //@@@
0xcf,0xff,0xdf,  //@@@
0x74,0x8f,0x7d,  //*%*


/* ( */
7,6,18,1,2,0,  //dsc : unicode = 0x0028
0x00,0x00,0x8a,0xff,0xff,0xbb,  //..%@@%
0x00,0x24,0xf9,0xff,0xff,0x4a,  //.+@@@*
0x00,0x94,0xff,0xff,0xd9,0x01,  //.%@@@+
0x07,0xee,0xff,0xff,0x6a,0x00,  //+@@@*.
0x42,0xff,0xff,0xff,0x16,0x00,  //*@@@+.
0x7a,0xff,0xff,0xde,0x00,0x00,  //*@@@..
0xa8,0xff,0xff,0xb1,0x00,0x00,  //%@@%..
0xbb,0xff,0xff,0x9c,0x00,0x00,  //%@@%..
0xcb,0xff,0xff,0x8d,0x00,0x00,  //@@@%..
0xc1,0xff,0xff,0x96,0x00,0x00,  //@@@%..
0xb0,0xff,0xff,0xa8,0x00,0x00,  //%@@%..
0x8d,0xff,0xff,0xcc,0x00,0x00,  //%@@@..
0x55,0xff,0xff,0xfa,0x08,0x00,  //*@@@+.
0x17,0xfc,0xff,0xff,0x48,0x00,  //+@@@*.
0x00,0xb5,0xff,0xff,0xb5,0x00,  //.%@@%.
0x00,0x4c,0xff,0xff,0xfe,0x27,  //.*@@@+
0x00,0x00,0xbb,0xff,0xff,0x96,  //..%@@%
0x00,0x00,0x1d,0x53,0x53,0x49,  //..+***


/* ) */
7,7,18,0,2,0,  //dsc : unicode = 0x0029
0x04,0xe3,0xff,0xff,0x5d,0x00,0x00,  //+@@@*..
0x00,0x77,0xff,0xff,0xe5,0x0b,0x00,  //.*@@@+.
0x00,0x12,0xf5,0xff,0xff,0x66,0x00,  //.+@@@*.
0x00,0x00,0x97,0xff,0xff,0xc8,0x00,  //..%@@@.
0x00,0x00,0x44,0xff,0xff,0xff,0x16,  //..*@@@+
0x00,0x00,0x0f,0xfe,0xff,0xff,0x4c,  //..+@@@*
0x00,0x00,0x00,0xde,0xff,0xff,0x7b,  //...@@@*
0x00,0x00,0x00,0xca,0xff,0xff,0x8d,  //...@@@%
0x00,0x00,0x00,0xb9,0xff,0xff,0x9e,  //...%@@%
0x00,0x00,0x00,0xc4,0xff,0xff,0x94,  //...@@@%
0x00,0x00,0x00,0xd6,0xff,0xff,0x82,  //...@@@%
0x00,0x00,0x04,0xf5,0xff,0xff,0x60,  //..+@@@*
0x00,0x00,0x31,0xff,0xff,0xff,0x28,  //..+@@@+
0x00,0x00,0x75,0xff,0xff,0xe6,0x01,  //..*@@@+
0x00,0x03,0xdf,0xff,0xff,0x87,0x00,  //.+@@@%.
0x00,0x52,0xff,0xff,0xfa,0x23,0x00,  //.*@@@+.
0x00,0xc3,0xff,0xff,0x8e,0x00,0x00,  //.@@@%..
0x04,0x53,0x53,0x53,0x0e,0x00,0x00,  //+***+..


/* * */
8,8,8,0,12,0,  //dsc : unicode = 0x002a
0x00,0x00,0x08,0x5f,0x41,0x00,0x00,0x00,  //..+**...
0x00,0x3d,0x13,0xff,0xab,0x11,0x29,0x00,  //.++@%++.
0x39,0xff,0xcb,0xff,0xdd,0xec,0xd0,0x02,  //+@@@@@@+
0x24,0xae,0xff,0xff,0xff,0xee,0x77,0x05,  //+%@@@@*+
0x21,0xaa,0xff,0xff,0xff,0xee,0x72,0x05,  //+%@@@@*+
0x3c,0xff,0xce,0xff,0xe0,0xf1,0xd5,0x03,  //+@@@@@@+
0x00,0x42,0x14,0xff,0xab,0x19,0x31,0x00,  //.*+@%++.
0x00,0x00,0x09,0x67,0x47,0x00,0x00,0x00,  //..+**...


/* + */
10,10,9,0,7,0,  //dsc : unicode = 0x002b
0x00,0x00,0x00,0x07,0xff,0xff,0x3b,0x00,0x00,0x00,  //...+@@+...
0x00,0x00,0x00,0x07,0xff,0xff,0x3b,0x00,0x00,0x00,  //...+@@+...
0x00,0x00,0x00,0x07,0xff,0xff,0x3b,0x00,0x00,0x00,  //...+@@+...
0x5f,0xff,0xff,0xff,0xff,0xff,0xff,0xff,0xff,0x8b,  //*@@@@@@@@%
0x5f,0xff,0xff,0xff,0xff,0xff,0xff,0xff,0xff,0x8b,  //*@@@@@@@@%
0x1a,0x47,0x47,0x4d,0xff,0xff,0x73,0x47,0x47,0x27,  //+***@@***+
0x00,0x00,0x00,0x07,0xff,0xff,0x3b,0x00,0x00,0x00,  //...+@@+...
0x00,0x00,0x00,0x07,0xff,0xff,0x3b,0x00,0x00,0x00,  //...+@@+...
0x00,0x00,0x00,0x04,0x9b,0x9b,0x24,0x00,0x00,0x00,  //...+%%+...


/* , */
5,5,6,0,3,0,  //dsc : unicode = 0x002c
0x00,0x01,0x23,0x00,0x00,  //.++..
0x01,0xcd,0xff,0xc7,0x02,  //+@@@+
0x2d,0xff,0xff,0xff,0x16,  //+@@@+
0x07,0xd5,0xff,0xcb,0x00,  //+@@@.
0x01,0xde,0xfd,0x3b,0x00,  //+@@+.
0x47,0xff,0x87,0x00,0x00,  //*@%..


/* - */
7,6,3,1,10,0,  //dsc : unicode = 0x002d
0x3d,0x43,0x43,0x43,0x43,0x1a,  //+****+
0xe7,0xff,0xff,0xff,0xff,0x63,  //@@@@@*
0xe7,0xff,0xff,0xff,0xff,0x63,  //@@@@@*


/* . */
5,5,4,0,5,0,  //dsc : unicode = 0x002e
0x00,0x1a,0x5a,0x11,0x00,  //.+*+.
0x08,0xef,0xff,0xda,0x00,  //+@@@.
0x26,0xff,0xff,0xfa,0x0f,  //+@@@+
0x00,0x94,0xe6,0x7c,0x00,  //.%@*.


/* / */
9,10,19,-1,3,0,  //dsc : unicode = 0x002f
0x00,0x00,0x00,0x00,0x00,0x00,0x23,0x63,0x63,0x40,  //......+***
0x00,0x00,0x00,0x00,0x00,0x00,0x98,0xff,0xff,0x66,  //......%@@*
0x00,0x00,0x00,0x00,0x00,0x05,0xed,0xff,0xfa,0x12,  //.....+@@@+
0x00,0x00,0x00,0x00,0x00,0x4d,0xff,0xff,0xb2,0x00,  //.....*@@%.
0x00,0x00,0x00,0x00,0x00,0xa7,0xff,0xff,0x57,0x00,  //.....%@@*.
0x00,0x00,0x00,0x00,0x0c,0xf5,0xff,0xf3,0x0a,0x00,  //....+@@@+.
0x00,0x00,0x00,0x00,0x5b,0xff,0xff,0xa3,0x00,0x00,  //....*@@%..
0x00,0x00,0x00,0x00,0xb6,0xff,0xff,0x49,0x00,0x00,  //....%@@*..
0x00,0x00,0x00,0x15,0xfb,0xff,0xea,0x04,0x00,0x00,  //...+@@@+..
0x00,0x00,0x00,0x6a,0xff,0xff,0x94,0x00,0x00,0x00,  //...*@@%...
0x00,0x00,0x00,0xc4,0xff,0xff,0x3a,0x00,0x00,0x00,  //...@@@+...
0x00,0x00,0x20,0xfe,0xff,0xdf,0x01,0x00,0x00,0x00,  //..+@@@+...
0x00,0x00,0x79,0xff,0xff,0x85,0x00,0x00,0x00,0x00,  //..*@@%....
0x00,0x00,0xd3,0xff,0xff,0x2c,0x00,0x00,0x00,0x00,  //..@@@+....
0x00,0x2d,0xff,0xff,0xd1,0x00,0x00,0x00,0x00,0x00,  //.+@@@.....
0x00,0x88,0xff,0xff,0x77,0x00,0x00,0x00,0x00,0x00,  //.%@@*.....
0x01,0xe1,0xff,0xfe,0x1e,0x00,0x00,0x00,0x00,0x00,  //+@@@+.....
0x3c,0xff,0xff,0xc2,0x00,0x00,0x00,0x00,0x00,0x00,  //+@@@......
0x96,0xff,0xff,0x68,0x00,0x00,0x00,0x00,0x00,0x00,  //%@@*......


/* 0 */
12,12,14,0,5,0,  //dsc : unicode = 0x0030
0x00,0x00,0x00,0x48,0xaa,0xdd,0xed,0xbb,0x76,0x03,0x00,0x00,  //...*%@@%*+..
0x00,0x00,0x7f,0xfe,0xff,0xff,0xff,0xff,0xff,0xbc,0x11,0x00,  //..*@@@@@@%+.
0x00,0x3d,0xff,0xff,0xff,0xc6,0xa9,0xf9,0xff,0xff,0x8d,0x00,  //.+@@@@%@@@%.
0x00,0xb8,0xff,0xff,0xc0,0x02,0x00,0x6f,0xff,0xff,0xf5,0x14,  //.%@@@+.*@@@+
0x08,0xff,0xff,0xff,0x67,0x00,0x00,0x16,0xfe,0xff,0xff,0x59,  //+@@@*..+@@@*
0x26,0xff,0xff,0xff,0x3f,0x00,0x00,0x00,0xed,0xff,0xff,0x78,  //+@@@+...@@@*
0x44,0xff,0xff,0xff,0x32,0x00,0x00,0x00,0xdf,0xff,0xff,0x97,  //*@@@+...@@@%
0x44,0xff,0xff,0xff,0x32,0x00,0x00,0x00,0xdf,0xff,0xff,0x97,  //*@@@+...@@@%
0x26,0xff,0xff,0xff,0x3f,0x00,0x00,0x00,0xed,0xff,0xff,0x78,  //+@@@+...@@@*
0x08,0xff,0xff,0xff,0x68,0x00,0x00,0x16,0xfe,0xff,0xff,0x59,  //+@@@*..+@@@*
0x00,0xb9,0xff,0xff,0xc1,0x02,0x00,0x70,0xff,0xff,0xf5,0x14,  //.%@@@+.*@@@+
0x00,0x3d,0xff,0xff,0xff,0xc9,0xad,0xf9,0xff,0xff,0x8d,0x00,  //.+@@@@%@@@%.
0x00,0x00,0x7f,0xfe,0xff,0xff,0xff,0xff,0xff,0xbd,0x11,0x00,  //..*@@@@@@%+.
0x00,0x00,0x00,0x49,0xab,0xde,0xed,0xbc,0x77,0x03,0x00,0x00,  //...*%@@%*+..


/* 1 */
9,8,14,1,5,0,  //dsc : unicode = 0x0031
0x2b,0xff,0xff,0xff,0xff,0xff,0xff,0x2f,  //+@@@@@@+
0x2b,0xff,0xff,0xff,0xff,0xff,0xff,0x2f,  //+@@@@@@+
0x2b,0xff,0xff,0xff,0xff,0xff,0xff,0x2f,  //+@@@@@@+
0x00,0x03,0x03,0x7a,0xff,0xff,0xff,0x2f,  //.++*@@@+
0x00,0x00,0x00,0x77,0xff,0xff,0xff,0x2f,  //...*@@@+
0x00,0x00,0x00,0x77,0xff,0xff,0xff,0x2f,  //...*@@@+
0x00,0x00,0x00,0x77,0xff,0xff,0xff,0x2f,  //...*@@@+
0x00,0x00,0x00,0x77,0xff,0xff,0xff,0x2f,  //...*@@@+
0x00,0x00,0x00,0x77,0xff,0xff,0xff,0x2f,  //...*@@@+
0x00,0x00,0x00,0x77,0xff,0xff,0xff,0x2f,  //...*@@@+
0x00,0x00,0x00,0x77,0xff,0xff,0xff,0x2f,  //...*@@@+
0x00,0x00,0x00,0x77,0xff,0xff,0xff,0x2f,  //...*@@@+
0x00,0x00,0x00,0x77,0xff,0xff,0xff,0x2f,  //...*@@@+
0x00,0x00,0x00,0x77,0xff,0xff,0xff,0x2f,  //...*@@@+


/* 2 */
12,12,14,0,5,0,  //dsc : unicode = 0x0032
0x00,0x00,0x0f,0x78,0xc4,0xeb,0xf6,0xd5,0x99,0x23,0x00,0x00,  //..+*@@@@%+..
0x05,0x6d,0xec,0xff,0xff,0xff,0xff,0xff,0xff,0xf9,0x40,0x00,  //+*@@@@@@@@*.
0x4a,0xff,0xff,0xff,0xff,0xff,0xff,0xff,0xff,0xff,0xe2,0x00,  //*@@@@@@@@@@.
0x00,0xca,0xff,0xbf,0x5b,0x20,0x3e,0xee,0xff,0xff,0xff,0x1e,  //.@@%*++@@@@+
0x00,0x40,0x62,0x00,0x00,0x00,0x00,0xc3,0xff,0xff,0xfc,0x0b,  //.**....@@@@+
0x00,0x00,0x00,0x00,0x00,0x00,0x3c,0xfe,0xff,0xff,0xa3,0x00,  //......+@@@%.
0x00,0x00,0x00,0x00,0x00,0x24,0xe9,0xff,0xff,0xde,0x14,0x00,  //.....+@@@@+.
0x00,0x00,0x00,0x00,0x23,0xe3,0xff,0xff,0xf0,0x2a,0x00,0x00,  //....+@@@@+..
0x00,0x00,0x00,0x23,0xe3,0xff,0xff,0xf4,0x40,0x00,0x00,0x00,  //...+@@@@*...
0x00,0x00,0x23,0xe3,0xff,0xff,0xf3,0x3d,0x00,0x00,0x00,0x00,  //..+@@@@+....
0x00,0x22,0xe2,0xff,0xff,0xf1,0x3a,0x00,0x00,0x00,0x00,0x00,  //.+@@@@+.....
0x0c,0xe2,0xff,0xff,0xff,0xf9,0xef,0xef,0xef,0xef,0xef,0x8e,  //+@@@@@@@@@@%
0x1a,0xff,0xff,0xff,0xff,0xff,0xff,0xff,0xff,0xff,0xff,0x97,  //+@@@@@@@@@@%
0x18,0xff,0xff,0xff,0xff,0xff,0xff,0xff,0xff,0xff,0xff,0x97,  //+@@@@@@@@@@%


/* 3 */
12,12,14,0,5,0,  //dsc : unicode = 0x0033
0x16,0xff,0xff,0xff,0xff,0xff,0xff,0xff,0xff,0xff,0xb7,0x00,  //+@@@@@@@@@%.
0x14,0xff,0xff,0xff,0xff,0xff,0xff,0xff,0xff,0xff,0xb7,0x00,  //+@@@@@@@@@%.
0x0e,0xd3,0xd3,0xd3,0xd3,0xd3,0xf5,0xff,0xff,0xfb,0x55,0x00,  //+@@@@@@@@@*.
0x00,0x00,0x00,0x00,0x00,0x5e,0xfd,0xff,0xf8,0x4d,0x00,0x00,  //.....*@@@*..
0x00,0x00,0x00,0x00,0x62,0xfd,0xff,0xf4,0x43,0x00,0x00,0x00,  //....*@@@*...
0x00,0x00,0x00,0x66,0xfe,0xff,0xff,0x69,0x01,0x00,0x00,0x00,  //...*@@@*+...
0x00,0x00,0x00,0xf3,0xff,0xff,0xff,0xff,0xe9,0x7f,0x05,0x00,  //...@@@@@@*+.
0x00,0x00,0x00,0xf3,0xff,0xff,0xff,0xff,0xff,0xff,0xab,0x00,  //...@@@@@@@%.
0x00,0x00,0x00,0x00,0x00,0x04,0x28,0xb5,0xff,0xff,0xff,0x33,  //.....++%@@@+
0x00,0x24,0x06,0x00,0x00,0x00,0x00,0x3b,0xff,0xff,0xff,0x5d,  //.++....+@@@*
0x02,0xd1,0xd2,0x3e,0x05,0x00,0x05,0x93,0xff,0xff,0xff,0x33,  //+@@++.+%@@@+
0x61,0xff,0xff,0xff,0xf8,0xd4,0xee,0xff,0xff,0xff,0xd4,0x04,  //*@@@@@@@@@@+
0x5f,0xe6,0xff,0xff,0xff,0xff,0xff,0xff,0xff,0xe4,0x23,0x00,  //*@@@@@@@@@+.
0x00,0x08,0x6b,0xa8,0xd0,0xf4,0xe3,0xbf,0x72,0x08,0x00,0x00,  //.+*%@@@%*+..


/* 4 */
13,13,14,0,5,0,  //dsc : unicode = 0x0034
0x00,0x00,0x00,0x00,0x86,0xff,0xff,0xea,0x09,0x00,0x00,0x00,0x00,  //....%@@@+....
0x00,0x00,0x00,0x11,0xf2,0xff,0xff,0x7a,0x00,0x00,0x00,0x00,0x00,  //...+@@@*.....
0x00,0x00,0x00,0x80,0xff,0xff,0xf1,0x0f,0x00,0x00,0x00,0x00,0x00,  //...%@@@+.....
0x00,0x00,0x0e,0xee,0xff,0xff,0x88,0x00,0x00,0x00,0x00,0x00,0x00,  //..+@@@%......
0x00,0x00,0x7a,0xff,0xff,0xf7,0x17,0x00,0x00,0x00,0x00,0x00,0x00,  //..*@@@+......
0x00,0x0b,0xeb,0xff,0xff,0x96,0x14,0xbb,0xbb,0xbb,0x2e,0x00,0x00,  //.+@@@%+%%%+..
0x00,0x74,0xff,0xff,0xfc,0x21,0x1a,0xff,0xff,0xff,0x3f,0x00,0x00,  //.*@@@++@@@+..
0x09,0xe8,0xff,0xff,0xa4,0x00,0x19,0xff,0xff,0xff,0x3f,0x00,0x00,  //+@@@%.+@@@+..
0x61,0xff,0xff,0xff,0xd9,0xc3,0xc9,0xff,0xff,0xff,0xd2,0xc3,0x0c,  //*@@@@@@@@@@@+
0x73,0xff,0xff,0xff,0xff,0xff,0xff,0xff,0xff,0xff,0xff,0xff,0x0f,  //*@@@@@@@@@@@+
0x73,0xff,0xff,0xff,0xff,0xff,0xff,0xff,0xff,0xff,0xff,0xff,0x0f,  //*@@@@@@@@@@@+
0x00,0x00,0x00,0x00,0x00,0x00,0x1b,0xff,0xff,0xff,0x3f,0x00,0x00,  //......+@@@+..
0x00,0x00,0x00,0x00,0x00,0x00,0x1b,0xff,0xff,0xff,0x3f,0x00,0x00,  //......+@@@+..
0x00,0x00,0x00,0x00,0x00,0x00,0x1b,0xff,0xff,0xff,0x3f,0x00,0x00,  //......+@@@+..


/* 5 */
12,12,14,0,5,0,  //dsc : unicode = 0x0035
0x00,0x73,0xff,0xff,0xff,0xff,0xff,0xff,0xff,0xff,0xf7,0x00,  //.*@@@@@@@@@.
0x00,0x73,0xff,0xff,0xff,0xff,0xff,0xff,0xff,0xff,0xf7,0x00,  //.*@@@@@@@@@.
0x00,0x73,0xff,0xff,0xff,0xf7,0xf7,0xf7,0xf7,0xf7,0xf0,0x00,  //.*@@@@@@@@@.
0x00,0x73,0xff,0xff,0xe7,0x00,0x00,0x00,0x00,0x00,0x00,0x00,  //.*@@@.......
0x00,0x73,0xff,0xff,0xe7,0x00,0x00,0x00,0x00,0x00,0x00,0x00,  //.*@@@.......
0x00,0x73,0xff,0xff,0xff,0xfa,0xf3,0xcf,0x9c,0x25,0x00,0x00,  //.*@@@@@@%+..
0x00,0x73,0xff,0xff,0xff,0xff,0xff,0xff,0xff,0xfc,0x61,0x00,  //.*@@@@@@@@*.
0x00,0x6a,0xe3,0xdc,0xd9,0xdc,0xf8,0xff,0xff,0xff,0xf9,0x2a,  //.*@@@@@@@@@+
0x00,0x00,0x00,0x00,0x00,0x00,0x0d,0xb6,0xff,0xff,0xff,0x72,  //......+%@@@*
0x00,0x2a,0x19,0x00,0x00,0x00,0x00,0x61,0xff,0xff,0xff,0x89,  //.++....*@@@%
0x00,0xbf,0xeb,0x58,0x0d,0x00,0x0e,0xbb,0xff,0xff,0xff,0x56,  //.%@*+.+%@@@*
0x47,0xff,0xff,0xff,0xfd,0xde,0xf6,0xff,0xff,0xff,0xe1,0x10,  //*@@@@@@@@@@+
0x42,0xcf,0xff,0xff,0xff,0xff,0xff,0xff,0xff,0xec,0x37,0x00,  //*@@@@@@@@@+.
0x00,0x00,0x4b,0x9b,0xc5,0xef,0xe9,0xc5,0x83,0x0f,0x00,0x00,  //..*%@@@@%+..


/* 6 */
12,12,14,0,5,0,  //dsc : unicode = 0x0036
0x00,0x00,0x00,0x02,0x6d,0xc8,0xef,0xf2,0xcf,0xa5,0x44,0x01,  //...+*@@@@%*+
0x00,0x00,0x17,0xbb,0xff,0xff,0xff,0xff,0xff,0xff,0xff,0x5b,  //..+%@@@@@@@*
0x00,0x00,0xc7,0xff,0xff,0xff,0xee,0xd3,0xf5,0xff,0xda,0x04,  //..@@@@@@@@@+
0x00,0x54,0xff,0xff,0xf6,0x59,0x00,0x00,0x01,0x54,0x48,0x00,  //.*@@@*..+**.
0x00,0xcc,0xff,0xff,0x8b,0x00,0x00,0x00,0x00,0x00,0x00,0x00,  //.@@@%.......
0x01,0xf6,0xff,0xff,0x47,0x8b,0xd0,0xf3,0xcd,0x7e,0x07,0x00,  //+@@@*%@@@*+.
0x1d,0xff,0xff,0xff,0xdb,0xff,0xff,0xff,0xff,0xff,0xc9,0x04,  //+@@@@@@@@@@+
0x36,0xff,0xff,0xff,0xff,0xdf,0xad,0xe6,0xff,0xff,0xff,0x72,  //+@@@@@%@@@@*
0x16,0xff,0xff,0xff,0xcc,0x06,0x00,0x01,0xaf,0xff,0xff,0xb7,  //+@@@@+.+%@@%
0x00,0xef,0xff,0xff,0x90,0x00,0x00,0x00,0x79,0xff,0xff,0xd2,  //.@@@%...*@@@
0x00,0x9e,0xff,0xff,0xe2,0x23,0x00,0x28,0xd1,0xff,0xff,0xa5,  //.%@@@+.+@@@%
0x00,0x19,0xf3,0xff,0xff,0xfe,0xed,0xff,0xff,0xff,0xff,0x4e,  //.+@@@@@@@@@*
0x00,0x00,0x49,0xeb,0xff,0xff,0xff,0xff,0xff,0xff,0x90,0x00,  //..*@@@@@@@%.
0x00,0x00,0x00,0x19,0x91,0xc5,0xf2,0xe0,0xb5,0x45,0x00,0x00,  //...+%@@@%*..


/* 7 */
12,12,14,0,5,0,  //dsc : unicode = 0x0037
0x43,0xff,0xff,0xff,0xff,0xff,0xff,0xff,0xff,0xff,0xff,0xeb,  //*@@@@@@@@@@@
0x43,0xff,0xff,0xff,0xff,0xff,0xff,0xff,0xff,0xff,0xff,0xeb,  //*@@@@@@@@@@@
0x43,0xff,0xff,0xff,0xf7,0xf7,0xf7,0xf8,0xff,0xff,0xff,0xdf,  //*@@@@@@@@@@@
0x43,0xff,0xff,0xf7,0x00,0x00,0x00,0x5b,0xff,0xff,0xff,0x7a,  //*@@@...*@@@*
0x3e,0xeb,0xeb,0xe4,0x00,0x00,0x00,0xd1,0xff,0xff,0xf3,0x11,  //+@@@...@@@@+
0x00,0x00,0x00,0x00,0x00,0x00,0x49,0xff,0xff,0xff,0x8e,0x00,  //......*@@@%.
0x00,0x00,0x00,0x00,0x00,0x00,0xc0,0xff,0xff,0xfb,0x1e,0x00,  //......@@@@+.
0x00,0x00,0x00,0x00,0x00,0x37,0xff,0xff,0xff,0xa2,0x00,0x00,  //.....+@@@%..
0x00,0x00,0x00,0x00,0x00,0xae,0xff,0xff,0xff,0x2d,0x00,0x00,  //.....%@@@+..
0x00,0x00,0x00,0x00,0x27,0xfd,0xff,0xff,0xb6,0x00,0x00,0x00,  //....+@@@%...
0x00,0x00,0x00,0x00,0x9c,0xff,0xff,0xff,0x40,0x00,0x00,0x00,  //....%@@@*...
0x00,0x00,0x00,0x1a,0xf9,0xff,0xff,0xcb,0x00,0x00,0x00,0x00,  //...+@@@@....
0x00,0x00,0x00,0x8a,0xff,0xff,0xff,0x54,0x00,0x00,0x00,0x00,  //...%@@@*....
0x00,0x00,0x0f,0xf1,0xff,0xff,0xdc,0x02,0x00,0x00,0x00,0x00,  //..+@@@@+....


/* 8 */
12,12,14,0,5,0,  //dsc : unicode = 0x0038
0x00,0x00,0x0b,0x70,0xc8,0xea,0xf3,0xd1,0x92,0x1e,0x00,0x00,  //..+*@@@@%+..
0x00,0x0c,0xce,0xff,0xff,0xff,0xff,0xff,0xff,0xf5,0x32,0x00,  //.+@@@@@@@@+.
0x00,0x7e,0xff,0xff,0xf3,0xa5,0x91,0xdd,0xff,0xff,0xcc,0x00,  //.*@@@%%@@@@.
0x00,0xb2,0xff,0xff,0x7b,0x00,0x00,0x29,0xff,0xff,0xfc,0x08,  //.%@@*..+@@@+
0x00,0x7f,0xff,0xff,0x90,0x00,0x00,0x3d,0xff,0xff,0xdf,0x00,  //.*@@%..+@@@.
0x00,0x1b,0xdc,0xff,0xff,0xd7,0xc4,0xfa,0xff,0xff,0x6a,0x00,  //.+@@@@@@@@*.
0x00,0x00,0x42,0xfe,0xff,0xff,0xff,0xff,0xff,0xb3,0x00,0x00,  //..*@@@@@@%..
0x00,0x58,0xfb,0xff,0xff,0xff,0xff,0xff,0xff,0xff,0x9c,0x05,  //.*@@@@@@@@%+
0x19,0xf6,0xff,0xff,0x8b,0x16,0x0a,0x4d,0xf3,0xff,0xff,0x70,  //+@@@%++*@@@*
0x62,0xff,0xff,0xfd,0x04,0x00,0x00,0x00,0xab,0xff,0xff,0xbc,  //*@@@+...%@@%
0x5a,0xff,0xff,0xff,0x3e,0x00,0x00,0x0d,0xdb,0xff,0xff,0xae,  //*@@@+..+@@@%
0x1a,0xf8,0xff,0xff,0xfb,0xc1,0xb6,0xec,0xff,0xff,0xff,0x65,  //+@@@@@%@@@@*
0x00,0x53,0xfb,0xff,0xff,0xff,0xff,0xff,0xff,0xff,0x9e,0x00,  //.*@@@@@@@@%.
0x00,0x00,0x20,0x90,0xcd,0xec,0xf4,0xd6,0xab,0x40,0x00,0x00,  //..+%@@@@%*..


/* 9 */
12,12,14,0,5,0,  //dsc : unicode = 0x0039
0x00,0x00,0x1a,0x97,0xcf,0xf4,0xd6,0xa5,0x44,0x00,0x00,0x00,  //..+%@@@%*...
0x00,0x3d,0xf3,0xff,0xff,0xff,0xff,0xff,0xfe,0x8d,0x03,0x00,  //.+@@@@@@@%+.
0x0b,0xe1,0xff,0xff,0xff,0xf4,0xf9,0xff,0xff,0xff,0x66,0x00,  //+@@@@@@@@@*.
0x44,0xff,0xff,0xfd,0x58,0x06,0x08,0xa4,0xff,0xff,0xe9,0x0d,  //*@@@*++%@@@+
0x6f,0xff,0xff,0xd8,0x00,0x00,0x00,0x3b,0xff,0xff,0xff,0x46,  //*@@@...+@@@*
0x55,0xff,0xff,0xf4,0x18,0x00,0x00,0x7a,0xff,0xff,0xff,0x6d,  //*@@@+..*@@@*
0x1b,0xf7,0xff,0xff,0xf6,0xb3,0xc0,0xff,0xff,0xff,0xff,0x8d,  //+@@@@%@@@@@%
0x00,0x71,0xff,0xff,0xff,0xff,0xff,0xef,0xec,0xff,0xff,0x74,  //.*@@@@@@@@@*
0x00,0x00,0x49,0xbe,0xeb,0xe3,0xad,0x27,0xe6,0xff,0xff,0x4e,  //..*%@@%+@@@*
0x00,0x00,0x00,0x00,0x00,0x00,0x00,0x32,0xff,0xff,0xff,0x23,  //.......+@@@+
0x00,0x0e,0x7a,0x0f,0x00,0x00,0x22,0xd0,0xff,0xff,0xab,0x00,  //.+*+..+@@@%.
0x00,0x83,0xff,0xfa,0xd7,0xda,0xfd,0xff,0xff,0xfa,0x25,0x00,  //.%@@@@@@@@+.
0x0f,0xf3,0xff,0xff,0xff,0xff,0xff,0xff,0xe7,0x42,0x00,0x00,  //+@@@@@@@@*..
0x00,0x25,0x8a,0xc5,0xe7,0xf8,0xdd,0x96,0x17,0x00,0x00,0x00,  //.+%@@@@%+...


/* : */
5,5,10,0,5,0,  //dsc : unicode = 0x003a
0x00,0x1a,0x5a,0x11,0x00,  //.+*+.
0x08,0xef,0xff,0xda,0x00,  //+@@@.
0x26,0xff,0xff,0xfa,0x0f,  //+@@@+
0x00,0x94,0xe6,0x7c,0x00,  //.%@*.
0x00,0x00,0x00,0x00,0x00,  //.....
0x00,0x00,0x00,0x00,0x00,  //.....
0x00,0x1a,0x5a,0x11,0x00,  //.+*+.
0x08,0xef,0xff,0xda,0x00,  //+@@@.
0x26,0xff,0xff,0xfa,0x0f,  //+@@@+
0x00,0x94,0xe6,0x7c,0x00,  //.%@*.


/* ; */
5,5,12,0,3,0,  //dsc : unicode = 0x003b
0x00,0x1a,0x5a,0x11,0x00,  //.+*+.
0x08,0xef,0xff,0xda,0x00,  //+@@@.
0x26,0xff,0xff,0xfa,0x0f,  //+@@@+
0x00,0x94,0xe6,0x7c,0x00,  //.%@*.
0x00,0x00,0x00,0x00,0x00,  //.....
0x00,0x00,0x00,0x00,0x00,  //.....
0x00,0x1f,0x63,0x1b,0x00,  //.+*+.
0x09,0xef,0xff,0xed,0x08,  //+@@@+
0x2c,0xff,0xff,0xfa,0x0f,  //+@@@+
0x00,0xc2,0xff,0xac,0x00,  //.@@%.
0x0a,0xf0,0xef,0x1b,0x00,  //+@@+.
0x40,0xbf,0x55,0x00,0x00,  //*%*..


/* < */
10,10,11,0,6,0,  //dsc : unicode = 0x003c
0x00,0x00,0x00,0x00,0x00,0x00,0x00,0x00,0x02,0x1b,  //........++
0x00,0x00,0x00,0x00,0x00,0x00,0x14,0x75,0xde,0x8b,  //......+*@%
0x00,0x00,0x00,0x00,0x37,0xa1,0xf8,0xff,0xff,0x8b,  //....+%@@@%
0x00,0x0a,0x62,0xcd,0xff,0xff,0xff,0xf7,0xa2,0x2d,  //.+*@@@@@%+
0x41,0xef,0xff,0xff,0xff,0xd3,0x6d,0x11,0x00,0x00,  //*@@@@@*+..
0x5f,0xff,0xff,0xa4,0x38,0x00,0x00,0x00,0x00,0x00,  //*@@%+.....
0x5f,0xff,0xff,0xe8,0x88,0x24,0x00,0x00,0x00,0x00,  //*@@@%+....
0x25,0xac,0xfb,0xff,0xff,0xfe,0xbc,0x56,0x06,0x00,  //+%@@@@%*+.
0x00,0x00,0x1b,0x80,0xe5,0xff,0xff,0xff,0xeb,0x59,  //..+%@@@@@*
0x00,0x00,0x00,0x00,0x04,0x54,0xbd,0xff,0xff,0x8b,  //....+*%@@%
0x00,0x00,0x00,0x00,0x00,0x00,0x00,0x28,0x91,0x7c,  //.......+%*


/* = */
10,10,7,0,8,0,  //dsc : unicode = 0x003d
0x5f,0xff,0xff,0xff,0xff,0xff,0xff,0xff,0xff,0x8b,  //*@@@@@@@@%
0x5f,0xff,0xff,0xff,0xff,0xff,0xff,0xff,0xff,0x8b,  //*@@@@@@@@%
0x1a,0x47,0x47,0x47,0x47,0x47,0x47,0x47,0x47,0x27,  //+********+
0x00,0x00,0x00,0x00,0x00,0x00,0x00,0x00,0x00,0x00,  //..........
0x19,0x43,0x43,0x43,0x43,0x43,0x43,0x43,0x43,0x25,  //+********+
0x5f,0xff,0xff,0xff,0xff,0xff,0xff,0xff,0xff,0x8b,  //*@@@@@@@@%
0x5f,0xff,0xff,0xff,0xff,0xff,0xff,0xff,0xff,0x8b,  //*@@@@@@@@%


/* > */
10,10,11,0,6,0,  //dsc : unicode = 0x003e
0x51,0xa5,0x3b,0x00,0x00,0x00,0x00,0x00,0x00,0x00,  //*%+.......
0x57,0xff,0xff,0xd1,0x66,0x0b,0x00,0x00,0x00,0x00,  //*@@@*+....
0x36,0xdf,0xff,0xff,0xff,0xf0,0x91,0x29,0x00,0x00,  //+@@@@@%+..
0x00,0x02,0x47,0xad,0xfa,0xff,0xff,0xff,0xbd,0x3d,  //.+*%@@@@%+
0x00,0x00,0x00,0x00,0x17,0x77,0xdc,0xff,0xff,0x93,  //....+*@@@%
0x00,0x00,0x00,0x00,0x00,0x21,0x85,0xf7,0xff,0x93,  //.....+%@@%
0x00,0x00,0x05,0x54,0xb9,0xfe,0xff,0xff,0xfa,0x6e,  //..+*%@@@@*
0x17,0x88,0xe9,0xff,0xff,0xff,0xe3,0x7c,0x18,0x00,  //+%@@@@@*+.
0x57,0xff,0xff,0xfe,0xbb,0x51,0x03,0x00,0x00,0x00,  //*@@@%*+...
0x57,0xef,0x90,0x26,0x00,0x00,0x00,0x00,0x00,0x00,  //*@%+......
0x16,0x0a,0x00,0x00,0x00,0x00,0x00,0x00,0x00,0x00,  //++........


/* ? */
9,9,14,0,5,0,  //dsc : unicode = 0x003f
0x00,0x0a,0x86,0xcf,0xf4,0xe3,0xb4,0x3e,0x00,  //.+%@@@%+.
0x08,0xd5,0xff,0xff,0xff,0xff,0xff,0xfe,0x4d,  //+@@@@@@@*
0x7f,0xff,0xff,0xff,0xf3,0xff,0xff,0xff,0xcb,  //*@@@@@@@@
0xc4,0xff,0xff,0x3b,0x01,0x8b,0xff,0xff,0xf0,  //@@@++%@@@
0x89,0x97,0x86,0x00,0x00,0x6f,0xff,0xff,0xb9,  //%%%..*@@%
0x00,0x00,0x00,0x00,0x15,0xdd,0xff,0xfe,0x4f,  //....+@@@*
0x00,0x00,0x00,0x03,0xc3,0xff,0xff,0x76,0x00,  //...+@@@*.
0x00,0x00,0x00,0x63,0xff,0xff,0x91,0x00,0x00,  //...*@@%..
0x00,0x00,0x00,0xa0,0xff,0xfe,0x1b,0x00,0x00,  //...%@@+..
0x00,0x00,0x00,0x0e,0x13,0x12,0x00,0x00,0x00,  //...+++...
0x00,0x00,0x00,0x13,0x5a,0x17,0x00,0x00,0x00,  //...+*+...
0x00,0x00,0x01,0xde,0xff,0xeb,0x06,0x00,0x00,  //..+@@@+..
0x00,0x00,0x12,0xfc,0xff,0xff,0x22,0x00,0x00,  //..+@@@+..
0x00,0x00,0x00,0x81,0xe6,0x8f,0x00,0x00,0x00,  //...%@%...


/* @ */
18,18,17,0,2,0,  //dsc : unicode = 0x0040
0x00,0x00,0x00,0x00,0x00,0x2a,0x87,0xce,0xec,0xf7,0xdf,0xad,0x5c,0x04,0x00,0x00,0x00,0x00,  //.....+%@@@@%*+....
0x00,0x00,0x00,0x0b,0x9b,0xfd,0xff,0xfe,0xe8,0xdc,0xf3,0xff,0xff,0xda,0x3d,0x00,0x00,0x00,  //...+%@@@@@@@@@+...
0x00,0x00,0x14,0xcf,0xff,0xf7,0x79,0x18,0x00,0x00,0x01,0x36,0xb6,0xff,0xfa,0x56,0x00,0x00,  //..+@@@*+..++%@@*..
0x00,0x04,0xc0,0xff,0xcf,0x2a,0x00,0x00,0x00,0x00,0x00,0x00,0x01,0x6e,0xfa,0xf6,0x30,0x00,  //.+@@@+......+*@@+.
0x00,0x69,0xff,0xed,0x17,0x03,0x7d,0xd1,0xf3,0xbf,0x3f,0xc3,0xc3,0x55,0x89,0xff,0xc0,0x00,  //.*@@++*@@%+@@*%@@.
0x01,0xe4,0xff,0x5c,0x00,0xac,0xff,0xff,0xff,0xff,0xf9,0xff,0xff,0x6f,0x0d,0xe6,0xff,0x34,  //+@@*.%@@@@@@@*+@@+
0x37,0xff,0xd9,0x00,0x45,0xff,0xff,0xd8,0x5c,0x7a,0xf6,0xff,0xff,0x6f,0x00,0x8f,0xff,0x80,  //+@@.*@@@**@@@*.%@%
0x6b,0xff,0x94,0x00,0x96,0xff,0xff,0x2a,0x00,0x00,0x77,0xff,0xff,0x6f,0x00,0x64,0xff,0xab,  //*@%.%@@+..*@@*.*@%
0x83,0xff,0x78,0x00,0xbb,0xff,0xf1,0x00,0x00,0x00,0x3a,0xff,0xff,0x6f,0x00,0x3c,0xff,0xc0,  //%@*.%@@...+@@*.+@@
0x7b,0xff,0x92,0x00,0xa2,0xff,0xff,0x16,0x00,0x00,0x59,0xff,0xff,0x6f,0x00,0x45,0xff,0xa9,  //*@%.%@@+..*@@*.*@%
0x5d,0xff,0xc3,0x00,0x63,0xff,0xff,0xae,0x16,0x2e,0xda,0xff,0xff,0x6f,0x00,0x7c,0xff,0x82,  //*@@.*@@%++@@@*.*@%
0x18,0xfe,0xf5,0x18,0x03,0xc6,0xff,0xff,0xff,0xff,0xff,0xee,0xff,0x9c,0x29,0xe9,0xf9,0x1e,  //+@@++@@@@@@@@%+@@+
0x00,0xaf,0xff,0xb4,0x00,0x10,0xa0,0xfd,0xff,0xfc,0x96,0x2b,0xf6,0xff,0xff,0xfc,0x69,0x00,  //.%@%.+%@@@%+@@@@*.
0x00,0x26,0xf4,0xff,0x8a,0x07,0x00,0x0b,0x32,0x0c,0x00,0x00,0x38,0x85,0x7f,0x34,0x00,0x00,  //.+@@%+.+++..+%*+..
0x00,0x00,0x4a,0xf8,0xff,0xd9,0x56,0x1f,0x00,0x00,0x10,0x62,0xc3,0x17,0x00,0x00,0x00,0x00,  //..*@@@*+..+*@+....
0x00,0x00,0x00,0x34,0xd6,0xff,0xff,0xff,0xf1,0xed,0xff,0xff,0xfa,0x60,0x00,0x00,0x00,0x00,  //...+@@@@@@@@@*....
0x00,0x00,0x00,0x00,0x02,0x53,0xa5,0xdd,0xf4,0xeb,0xc2,0x8d,0x1f,0x00,0x00,0x00,0x00,0x00,  //....+*%@@@@%+.....


/* A */
16,17,14,-1,5,0,  //dsc : unicode = 0x0041
0x00,0x00,0x00,0x00,0x00,0x00,0x4e,0xff,0xff,0xff,0xdf,0x02,0x00,0x00,0x00,0x00,0x00,  //......*@@@@+.....
0x00,0x00,0x00,0x00,0x00,0x00,0xbc,0xff,0xff,0xff,0xff,0x4c,0x00,0x00,0x00,0x00,0x00,  //......%@@@@*.....
0x00,0x00,0x00,0x00,0x00,0x2b,0xff,0xff,0xff,0xff,0xff,0xb8,0x00,0x00,0x00,0x00,0x00,  //.....+@@@@@%.....
0x00,0x00,0x00,0x00,0x00,0x98,0xff,0xff,0xfe,0xff,0xff,0xfe,0x25,0x00,0x00,0x00,0x00,  //.....%@@@@@@+....
0x00,0x00,0x00,0x00,0x11,0xf5,0xff,0xff,0x88,0xfb,0xff,0xff,0x8f,0x00,0x00,0x00,0x00,  //....+@@@%@@@%....
0x00,0x00,0x00,0x00,0x74,0xff,0xff,0xfa,0x15,0xb3,0xff,0xff,0xf0,0x0b,0x00,0x00,0x00,  //....*@@@+%@@@+...
0x00,0x00,0x00,0x03,0xdf,0xff,0xff,0xae,0x00,0x53,0xff,0xff,0xff,0x67,0x00,0x00,0x00,  //...+@@@%.*@@@*...
0x00,0x00,0x00,0x50,0xff,0xff,0xff,0x4d,0x00,0x06,0xed,0xff,0xff,0xd3,0x00,0x00,0x00,  //...*@@@*.+@@@@...
0x00,0x00,0x00,0xbe,0xff,0xff,0xe8,0x04,0x00,0x00,0x93,0xff,0xff,0xff,0x3e,0x00,0x00,  //...%@@@+..%@@@+..
0x00,0x00,0x2d,0xff,0xff,0xff,0xff,0xff,0xff,0xff,0xff,0xff,0xff,0xff,0xaa,0x00,0x00,  //..+@@@@@@@@@@@%..
0x00,0x00,0x9a,0xff,0xff,0xff,0xff,0xff,0xff,0xff,0xff,0xff,0xff,0xff,0xfb,0x1a,0x00,  //..%@@@@@@@@@@@@+.
0x00,0x12,0xf6,0xff,0xff,0xec,0xcf,0xcf,0xcf,0xcf,0xcf,0xdd,0xff,0xff,0xff,0x81,0x00,  //.+@@@@@@@@@@@@@%.
0x00,0x76,0xff,0xff,0xff,0x54,0x00,0x00,0x00,0x00,0x00,0x0f,0xf3,0xff,0xff,0xe7,0x05,  //.*@@@*.....+@@@@+
0x03,0xe1,0xff,0xff,0xde,0x03,0x00,0x00,0x00,0x00,0x00,0x00,0x90,0xff,0xff,0xff,0x59,  //+@@@@+......%@@@*


/* B */
14,13,14,1,5,0,  //dsc : unicode = 0x0042
0xa3,0xff,0xff,0xff,0xff,0xff,0xff,0xf1,0xd2,0x99,0x2c,0x00,0x00,  //%@@@@@@@@%+..
0xa3,0xff,0xff,0xff,0xff,0xff,0xff,0xff,0xff,0xff,0xfc,0x54,0x00,  //%@@@@@@@@@@*.
0xa3,0xff,0xff,0xff,0xe0,0xdf,0xe1,0xfd,0xff,0xff,0xff,0xf2,0x04,  //%@@@@@@@@@@@+
0xa3,0xff,0xff,0xff,0x03,0x00,0x00,0x10,0xd3,0xff,0xff,0xff,0x2a,  //%@@@+..+@@@@+
0xa3,0xff,0xff,0xff,0x03,0x00,0x00,0x00,0xc0,0xff,0xff,0xee,0x0a,  //%@@@+...@@@@+
0xa3,0xff,0xff,0xff,0xa9,0xa7,0xa9,0xd8,0xff,0xff,0xf5,0x4e,0x00,  //%@@@%%%@@@@*.
0xa3,0xff,0xff,0xff,0xff,0xff,0xff,0xff,0xff,0xfb,0x77,0x05,0x00,  //%@@@@@@@@@*+.
0xa3,0xff,0xff,0xff,0xff,0xff,0xff,0xff,0xff,0xff,0xff,0xba,0x02,  //%@@@@@@@@@@%+
0xa3,0xff,0xff,0xff,0x03,0x00,0x01,0x2f,0xa5,0xff,0xff,0xff,0x5a,  //%@@@+.++%@@@*
0xa3,0xff,0xff,0xff,0x03,0x00,0x00,0x00,0x2a,0xff,0xff,0xff,0x96,  //%@@@+...+@@@%
0xa3,0xff,0xff,0xff,0x03,0x00,0x00,0x0c,0x88,0xff,0xff,0xff,0x90,  //%@@@+..+%@@@%
0xa3,0xff,0xff,0xff,0xd4,0xd3,0xd5,0xf9,0xff,0xff,0xff,0xff,0x4e,  //%@@@@@@@@@@@*
0xa3,0xff,0xff,0xff,0xff,0xff,0xff,0xff,0xff,0xff,0xff,0x97,0x00,  //%@@@@@@@@@@%.
0xa3,0xff,0xff,0xff,0xff,0xff,0xff,0xf8,0xda,0xb0,0x45,0x00,0x00,  //%@@@@@@@@%*..


/* C */
14,14,14,0,5,0,  //dsc : unicode = 0x0043
0x00,0x00,0x00,0x00,0x2f,0x9a,0xda,0xf4,0xf0,0xce,0x84,0x20,0x00,0x00,  //....+%@@@@%+..
0x00,0x00,0x0b,0x8c,0xfb,0xff,0xff,0xff,0xff,0xff,0xff,0xf8,0x81,0x01,  //..+%@@@@@@@@%+
0x00,0x02,0xbe,0xff,0xff,0xff,0xff,0xff,0xff,0xff,0xff,0xff,0xff,0x5c,  //.+%@@@@@@@@@@*
0x00,0x77,0xff,0xff,0xff,0xf3,0x77,0x35,0x3c,0x80,0xf1,0xff,0xac,0x01,  //.*@@@@*++%@@%+
0x15,0xfa,0xff,0xff,0xf6,0x29,0x00,0x00,0x00,0x00,0x27,0xa4,0x09,0x00,  //+@@@@+....+%+.
0x5e,0xff,0xff,0xff,0x86,0x00,0x00,0x00,0x00,0x00,0x00,0x00,0x00,0x00,  //*@@@%.........
0x80,0xff,0xff,0xff,0x4c,0x00,0x00,0x00,0x00,0x00,0x00,0x00,0x00,0x00,  //%@@@*.........
0x7e,0xff,0xff,0xff,0x54,0x00,0x00,0x00,0x00,0x00,0x00,0x00,0x00,0x00,  //*@@@*.........
0x5b,0xff,0xff,0xff,0x98,0x00,0x00,0x00,0x00,0x00,0x00,0x00,0x00,0x00,  //*@@@%.........
0x14,0xf9,0xff,0xff,0xfd,0x45,0x00,0x00,0x00,0x00,0x2c,0x9c,0x0b,0x00,  //+@@@@*....+%+.
0x00,0x76,0xff,0xff,0xff,0xfd,0x9b,0x58,0x5d,0x9c,0xf8,0xff,0xbc,0x08,  //.*@@@@%**%@@%+
0x00,0x02,0xc2,0xff,0xff,0xff,0xff,0xff,0xff,0xff,0xff,0xff,0xff,0x5b,  //.+@@@@@@@@@@@*
0x00,0x00,0x0c,0x92,0xfd,0xff,0xff,0xff,0xff,0xff,0xff,0xeb,0x5c,0x00,  //..+%@@@@@@@@*.
0x00,0x00,0x00,0x00,0x38,0xa3,0xe0,0xf8,0xec,0xc4,0x72,0x0f,0x00,0x00,  //....+%@@@@*+..


/* D */
15,14,14,1,5,0,  //dsc : unicode = 0x0044
0xa3,0xff,0xff,0xff,0xff,0xff,0xfc,0xe8,0xba,0x69,0x04,0x00,0x00,0x00,  //%@@@@@@@%*+...
0xa3,0xff,0xff,0xff,0xff,0xff,0xff,0xff,0xff,0xff,0xd2,0x3c,0x00,0x00,  //%@@@@@@@@@@+..
0xa3,0xff,0xff,0xff,0xfc,0xfb,0xfe,0xff,0xff,0xff,0xff,0xfa,0x31,0x00,  //%@@@@@@@@@@@+.
0xa3,0xff,0xff,0xff,0x03,0x00,0x09,0x39,0xbb,0xff,0xff,0xff,0xd4,0x07,  //%@@@+.++%@@@@+
0xa3,0xff,0xff,0xff,0x03,0x00,0x00,0x00,0x01,0xb7,0xff,0xff,0xff,0x69,  //%@@@+...+%@@@*
0xa3,0xff,0xff,0xff,0x03,0x00,0x00,0x00,0x00,0x2f,0xff,0xff,0xff,0xb0,  //%@@@+....+@@@%
0xa3,0xff,0xff,0xff,0x03,0x00,0x00,0x00,0x00,0x03,0xf8,0xff,0xff,0xcf,  //%@@@+....+@@@@
0xa3,0xff,0xff,0xff,0x03,0x00,0x00,0x00,0x00,0x01,0xf5,0xff,0xff,0xcf,  //%@@@+....+@@@@
0xa3,0xff,0xff,0xff,0x03,0x00,0x00,0x00,0x00,0x27,0xff,0xff,0xff,0xb1,  //%@@@+....+@@@%
0xa3,0xff,0xff,0xff,0x03,0x00,0x00,0x00,0x00,0xa5,0xff,0xff,0xff,0x69,  //%@@@+....%@@@*
0xa3,0xff,0xff,0xff,0x03,0x00,0x01,0x26,0xa1,0xff,0xff,0xff,0xd3,0x07,  //%@@@+.++%@@@@+
0xa3,0xff,0xff,0xff,0xf4,0xf3,0xf8,0xff,0xff,0xff,0xff,0xf8,0x2e,0x00,  //%@@@@@@@@@@@+.
0xa3,0xff,0xff,0xff,0xff,0xff,0xff,0xff,0xff,0xff,0xce,0x39,0x00,0x00,  //%@@@@@@@@@@+..
0xa3,0xff,0xff,0xff,0xff,0xff,0xfa,0xe6,0xb7,0x63,0x02,0x00,0x00,0x00,  //%@@@@@@@%*+...


/* E */
13,12,14,1,5,0,  //dsc : unicode = 0x0045
0xa3,0xff,0xff,0xff,0xff,0xff,0xff,0xff,0xff,0xff,0xff,0x6b,  //%@@@@@@@@@@*
0xa3,0xff,0xff,0xff,0xff,0xff,0xff,0xff,0xff,0xff,0xff,0x6b,  //%@@@@@@@@@@*
0xa3,0xff,0xff,0xff,0xec,0xeb,0xeb,0xeb,0xeb,0xeb,0xeb,0x63,  //%@@@@@@@@@@*
0xa3,0xff,0xff,0xff,0x03,0x00,0x00,0x00,0x00,0x00,0x00,0x00,  //%@@@+.......
0xa3,0xff,0xff,0xff,0x03,0x00,0x00,0x00,0x00,0x00,0x00,0x00,  //%@@@+.......
0xa3,0xff,0xff,0xff,0xe8,0xe7,0xe7,0xe7,0xe7,0xe7,0x9f,0x00,  //%@@@@@@@@@%.
0xa3,0xff,0xff,0xff,0xff,0xff,0xff,0xff,0xff,0xff,0xaf,0x00,  //%@@@@@@@@@%.
0xa3,0xff,0xff,0xff,0xff,0xff,0xff,0xff,0xff,0xff,0xaf,0x00,  //%@@@@@@@@@%.
0xa3,0xff,0xff,0xff,0x07,0x03,0x02,0x02,0x01,0x01,0x00,0x00,  //%@@@++++++..
0xa3,0xff,0xff,0xff,0x03,0x00,0x00,0x00,0x00,0x00,0x00,0x00,  //%@@@+.......
0xa3,0xff,0xff,0xff,0x03,0x00,0x00,0x00,0x00,0x00,0x00,0x00,  //%@@@+.......
0xa3,0xff,0xff,0xff,0xe8,0xe7,0xe7,0xe7,0xe7,0xe7,0xe7,0x8d,  //%@@@@@@@@@@%
0xa3,0xff,0xff,0xff,0xff,0xff,0xff,0xff,0xff,0xff,0xff,0x9b,  //%@@@@@@@@@@%
0xa3,0xff,0xff,0xff,0xff,0xff,0xff,0xff,0xff,0xff,0xff,0x9b,  //%@@@@@@@@@@%


/* F */
12,11,14,1,5,0,  //dsc : unicode = 0x0046
0xa3,0xff,0xff,0xff,0xff,0xff,0xff,0xff,0xff,0xff,0xd2,  //%@@@@@@@@@@
0xa3,0xff,0xff,0xff,0xff,0xff,0xff,0xff,0xff,0xff,0xd1,  //%@@@@@@@@@@
0xa3,0xff,0xff,0xff,0xec,0xeb,0xeb,0xeb,0xeb,0xeb,0xc0,  //%@@@@@@@@@@
0xa3,0xff,0xff,0xff,0x03,0x00,0x00,0x00,0x00,0x00,0x00,  //%@@@+......
0xa3,0xff,0xff,0xff,0x03,0x00,0x00,0x00,0x00,0x00,0x00,  //%@@@+......
0xa3,0xff,0xff,0xff,0x03,0x00,0x00,0x00,0x00,0x00,0x00,  //%@@@+......
0xa3,0xff,0xff,0xff,0xff,0xff,0xff,0xff,0xff,0xff,0x4b,  //%@@@@@@@@@*
0xa3,0xff,0xff,0xff,0xff,0xff,0xff,0xff,0xff,0xff,0x4b,  //%@@@@@@@@@*
0xa3,0xff,0xff,0xff,0xec,0xeb,0xeb,0xeb,0xeb,0xeb,0x46,  //%@@@@@@@@@*
0xa3,0xff,0xff,0xff,0x03,0x00,0x00,0x00,0x00,0x00,0x00,  //%@@@+......
0xa3,0xff,0xff,0xff,0x03,0x00,0x00,0x00,0x00,0x00,0x00,  //%@@@+......
0xa3,0xff,0xff,0xff,0x03,0x00,0x00,0x00,0x00,0x00,0x00,  //%@@@+......
0xa3,0xff,0xff,0xff,0x03,0x00,0x00,0x00,0x00,0x00,0x00,  //%@@@+......
0xa3,0xff,0xff,0xff,0x03,0x00,0x00,0x00,0x00,0x00,0x00,  //%@@@+......


/* G */
14,14,14,0,5,0,  //dsc : unicode = 0x0047
0x00,0x00,0x00,0x00,0x21,0x90,0xd2,0xef,0xf7,0xdf,0xa8,0x54,0x01,0x00,  //....+%@@@@%*+.
0x00,0x00,0x07,0x7d,0xf6,0xff,0xff,0xff,0xff,0xff,0xff,0xff,0xca,0x3f,  //..+*@@@@@@@@@+
0x00,0x00,0xb2,0xff,0xff,0xff,0xff,0xff,0xff,0xff,0xff,0xff,0xff,0x8c,  //..%@@@@@@@@@@%
0x00,0x6e,0xff,0xff,0xff,0xf7,0x82,0x3c,0x2e,0x62,0xbe,0xff,0xbc,0x03,  //.*@@@@%++*%@%+
0x12,0xf8,0xff,0xff,0xf9,0x33,0x00,0x00,0x00,0x00,0x00,0x59,0x13,0x00,  //+@@@@+.....*+.
0x5b,0xff,0xff,0xff,0x8e,0x00,0x00,0x00,0x00,0x00,0x00,0x00,0x00,0x00,  //*@@@%.........
0x7f,0xff,0xff,0xff,0x4f,0x00,0x00,0x00,0x00,0x00,0x0f,0x2b,0x2b,0x23,  //*@@@*.....++++
0x7e,0xff,0xff,0xff,0x50,0x00,0x00,0x00,0x00,0x00,0x5b,0xff,0xff,0xcb,  //*@@@*.....*@@@
0x5b,0xff,0xff,0xff,0x90,0x00,0x00,0x00,0x00,0x00,0x5b,0xff,0xff,0xcb,  //*@@@%.....*@@@
0x13,0xf8,0xff,0xff,0xfa,0x38,0x00,0x00,0x00,0x00,0x5b,0xff,0xff,0xcb,  //+@@@@+....*@@@
0x00,0x71,0xff,0xff,0xff,0xf9,0x85,0x3d,0x28,0x56,0xc3,0xff,0xff,0xcb,  //.*@@@@%++*@@@@
0x00,0x01,0xba,0xff,0xff,0xff,0xff,0xff,0xff,0xff,0xff,0xff,0xff,0xcb,  //.+%@@@@@@@@@@@
0x00,0x00,0x0a,0x89,0xfb,0xff,0xff,0xff,0xff,0xff,0xff,0xff,0xcf,0x4f,  //..+%@@@@@@@@@*
0x00,0x00,0x00,0x00,0x2e,0x9c,0xdb,0xf5,0xf3,0xd8,0xa0,0x48,0x00,0x00,  //....+%@@@@%*..


/* H */
15,14,14,1,5,0,  //dsc : unicode = 0x0048
0xa3,0xff,0xff,0xff,0x03,0x00,0x00,0x00,0x00,0x53,0xff,0xff,0xff,0x53,  //%@@@+....*@@@*
0xa3,0xff,0xff,0xff,0x03,0x00,0x00,0x00,0x00,0x53,0xff,0xff,0xff,0x53,  //%@@@+....*@@@*
0xa3,0xff,0xff,0xff,0x03,0x00,0x00,0x00,0x00,0x53,0xff,0xff,0xff,0x53,  //%@@@+....*@@@*
0xa3,0xff,0xff,0xff,0x03,0x00,0x00,0x00,0x00,0x53,0xff,0xff,0xff,0x53,  //%@@@+....*@@@*
0xa3,0xff,0xff,0xff,0x03,0x00,0x00,0x00,0x00,0x53,0xff,0xff,0xff,0x53,  //%@@@+....*@@@*
0xa3,0xff,0xff,0xff,0x03,0x00,0x00,0x00,0x00,0x53,0xff,0xff,0xff,0x53,  //%@@@+....*@@@*
0xa3,0xff,0xff,0xff,0xff,0xff,0xff,0xff,0xff,0xff,0xff,0xff,0xff,0x53,  //%@@@@@@@@@@@@*
0xa3,0xff,0xff,0xff,0xff,0xff,0xff,0xff,0xff,0xff,0xff,0xff,0xff,0x53,  //%@@@@@@@@@@@@*
0xa3,0xff,0xff,0xff,0xec,0xeb,0xeb,0xeb,0xeb,0xf2,0xff,0xff,0xff,0x53,  //%@@@@@@@@@@@@*
0xa3,0xff,0xff,0xff,0x03,0x00,0x00,0x00,0x00,0x53,0xff,0xff,0xff,0x53,  //%@@@+....*@@@*
0xa3,0xff,0xff,0xff,0x03,0x00,0x00,0x00,0x00,0x53,0xff,0xff,0xff,0x53,  //%@@@+....*@@@*
0xa3,0xff,0xff,0xff,0x03,0x00,0x00,0x00,0x00,0x53,0xff,0xff,0xff,0x53,  //%@@@+....*@@@*
0xa3,0xff,0xff,0xff,0x03,0x00,0x00,0x00,0x00,0x53,0xff,0xff,0xff,0x53,  //%@@@+....*@@@*
0xa3,0xff,0xff,0xff,0x03,0x00,0x00,0x00,0x00,0x53,0xff,0xff,0xff,0x53,  //%@@@+....*@@@*


/* I */
6,5,14,1,5,0,  //dsc : unicode = 0x0049
0xa3,0xff,0xff,0xff,0x03,  //%@@@+
0xa3,0xff,0xff,0xff,0x03,  //%@@@+
0xa3,0xff,0xff,0xff,0x03,  //%@@@+
0xa3,0xff,0xff,0xff,0x03,  //%@@@+
0xa3,0xff,0xff,0xff,0x03,  //%@@@+
0xa3,0xff,0xff,0xff,0x03,  //%@@@+
0xa3,0xff,0xff,0xff,0x03,  //%@@@+
0xa3,0xff,0xff,0xff,0x03,  //%@@@+
0xa3,0xff,0xff,0xff,0x03,  //%@@@+
0xa3,0xff,0xff,0xff,0x03,  //%@@@+
0xa3,0xff,0xff,0xff,0x03,  //%@@@+
0xa3,0xff,0xff,0xff,0x03,  //%@@@+
0xa3,0xff,0xff,0xff,0x03,  //%@@@+
0xa3,0xff,0xff,0xff,0x03,  //%@@@+


/* J */
10,11,14,-1,5,0,  //dsc : unicode = 0x004a
0x00,0x00,0xd3,0xff,0xff,0xff,0xff,0xff,0xff,0xff,0xa7,  //..@@@@@@@@%
0x00,0x00,0xd3,0xff,0xff,0xff,0xff,0xff,0xff,0xff,0xa7,  //..@@@@@@@@%
0x00,0x00,0xd3,0xff,0xff,0xff,0xff,0xff,0xff,0xff,0xa7,  //..@@@@@@@@%
0x00,0x00,0x06,0x07,0x07,0x07,0x0f,0xff,0xff,0xff,0xa7,  //..+++++@@@%
0x00,0x00,0x00,0x00,0x00,0x00,0x07,0xff,0xff,0xff,0xa7,  //......+@@@%
0x00,0x00,0x00,0x00,0x00,0x00,0x07,0xff,0xff,0xff,0xa7,  //......+@@@%
0x00,0x00,0x00,0x00,0x00,0x00,0x07,0xff,0xff,0xff,0xa7,  //......+@@@%
0x00,0x00,0x00,0x00,0x00,0x00,0x07,0xff,0xff,0xff,0xa7,  //......+@@@%
0x00,0x00,0x00,0x00,0x00,0x00,0x07,0xff,0xff,0xff,0xa7,  //......+@@@%
0x00,0x00,0x69,0x1b,0x00,0x00,0x20,0xff,0xff,0xff,0x9d,  //..*+..+@@@%
0x00,0x42,0xfe,0xea,0x74,0x40,0xa9,0xff,0xff,0xff,0x73,  //.*@@**%@@@*
0x03,0xde,0xff,0xff,0xff,0xff,0xff,0xff,0xff,0xfb,0x2d,  //+@@@@@@@@@+
0x00,0x58,0xf6,0xff,0xff,0xff,0xff,0xff,0xff,0x7e,0x00,  //.*@@@@@@@*.
0x00,0x00,0x20,0x92,0xdb,0xf7,0xe3,0xb9,0x45,0x00,0x00,  //..+%@@@%*..


/* K */
15,14,14,1,5,0,  //dsc : unicode = 0x004b
0xa3,0xff,0xff,0xff,0x03,0x00,0x00,0x00,0x36,0xf4,0xff,0xff,0xeb,0x25,  //%@@@+...+@@@@+
0xa3,0xff,0xff,0xff,0x03,0x00,0x00,0x25,0xea,0xff,0xff,0xf4,0x36,0x00,  //%@@@+..+@@@@+.
0xa3,0xff,0xff,0xff,0x03,0x00,0x17,0xdd,0xff,0xff,0xfb,0x49,0x00,0x00,  //%@@@+.+@@@@*..
0xa3,0xff,0xff,0xff,0x03,0x0d,0xce,0xff,0xff,0xff,0x5f,0x00,0x00,0x00,  //%@@@++@@@@*...
0xa3,0xff,0xff,0xff,0x09,0xba,0xff,0xff,0xff,0x79,0x00,0x00,0x00,0x00,  //%@@@+%@@@*....
0xa3,0xff,0xff,0xff,0xa8,0xff,0xff,0xff,0x9c,0x00,0x00,0x00,0x00,0x00,  //%@@@%@@@%.....
0xa3,0xff,0xff,0xff,0xff,0xff,0xff,0xff,0xc5,0x02,0x00,0x00,0x00,0x00,  //%@@@@@@@@+....
0xa3,0xff,0xff,0xff,0xff,0xff,0xff,0xff,0xff,0x74,0x00,0x00,0x00,0x00,  //%@@@@@@@@*....
0xa3,0xff,0xff,0xff,0xff,0xe0,0xfe,0xff,0xff,0xf7,0x29,0x00,0x00,0x00,  //%@@@@@@@@@+...
0xa3,0xff,0xff,0xff,0xe2,0x1c,0x93,0xff,0xff,0xff,0xc9,0x03,0x00,0x00,  //%@@@@+%@@@@+..
0xa3,0xff,0xff,0xff,0x2c,0x00,0x0b,0xdc,0xff,0xff,0xff,0x78,0x00,0x00,  //%@@@+.+@@@@*..
0xa3,0xff,0xff,0xff,0x03,0x00,0x00,0x3d,0xfd,0xff,0xff,0xf9,0x2b,0x00,  //%@@@+..+@@@@+.
0xa3,0xff,0xff,0xff,0x03,0x00,0x00,0x00,0x8e,0xff,0xff,0xff,0xcc,0x04,  //%@@@+...%@@@@+
0xa3,0xff,0xff,0xff,0x03,0x00,0x00,0x00,0x09,0xd9,0xff,0xff,0xff,0x7d,  //%@@@+...+@@@@*


/* L */
11,10,14,1,5,0,  //dsc : unicode = 0x004c
0xa3,0xff,0xff,0xff,0x03,0x00,0x00,0x00,0x00,0x00,  //%@@@+.....
0xa3,0xff,0xff,0xff,0x03,0x00,0x00,0x00,0x00,0x00,  //%@@@+.....
0xa3,0xff,0xff,0xff,0x03,0x00,0x00,0x00,0x00,0x00,  //%@@@+.....
0xa3,0xff,0xff,0xff,0x03,0x00,0x00,0x00,0x00,0x00,  //%@@@+.....
0xa3,0xff,0xff,0xff,0x03,0x00,0x00,0x00,0x00,0x00,  //%@@@+.....
0xa3,0xff,0xff,0xff,0x03,0x00,0x00,0x00,0x00,0x00,  //%@@@+.....
0xa3,0xff,0xff,0xff,0x03,0x00,0x00,0x00,0x00,0x00,  //%@@@+.....
0xa3,0xff,0xff,0xff,0x03,0x00,0x00,0x00,0x00,0x00,  //%@@@+.....
0xa3,0xff,0xff,0xff,0x03,0x00,0x00,0x00,0x00,0x00,  //%@@@+.....
0xa3,0xff,0xff,0xff,0x03,0x00,0x00,0x00,0x00,0x00,  //%@@@+.....
0xa3,0xff,0xff,0xff,0x1f,0x1b,0x1b,0x1b,0x1b,0x1a,  //%@@@++++++
0xa3,0xff,0xff,0xff,0xff,0xff,0xff,0xff,0xff,0xf3,  //%@@@@@@@@@
0xa3,0xff,0xff,0xff,0xff,0xff,0xff,0xff,0xff,0xf3,  //%@@@@@@@@@
0xa3,0xff,0xff,0xff,0xff,0xff,0xff,0xff,0xff,0xf3,  //%@@@@@@@@@


/* M */
17,16,14,1,5,0,  //dsc : unicode = 0x004d
0xa3,0xff,0xff,0xff,0x95,0x00,0x00,0x00,0x00,0x00,0x00,0x6e,0xff,0xff,0xff,0xcb,  //%@@@%......*@@@@
0xa3,0xff,0xff,0xff,0xf6,0x13,0x00,0x00,0x00,0x00,0x03,0xdf,0xff,0xff,0xff,0xcb,  //%@@@@+....+@@@@@
0xa3,0xff,0xff,0xff,0xff,0x7e,0x00,0x00,0x00,0x00,0x57,0xff,0xff,0xff,0xff,0xcb,  //%@@@@*....*@@@@@
0xa3,0xff,0xff,0xff,0xff,0xea,0x08,0x00,0x00,0x00,0xcb,0xff,0xff,0xff,0xff,0xcb,  //%@@@@@+...@@@@@@
0xa3,0xff,0xff,0xff,0xff,0xff,0x67,0x00,0x00,0x40,0xff,0xff,0xff,0xff,0xff,0xcb,  //%@@@@@*..*@@@@@@
0xa3,0xff,0xff,0xd6,0xff,0xff,0xd9,0x02,0x00,0xb4,0xff,0xff,0xd6,0xff,0xff,0xcb,  //%@@@@@@+.%@@@@@@
0xa3,0xff,0xff,0x9c,0xcc,0xff,0xff,0x50,0x2a,0xfe,0xff,0xe8,0x7e,0xff,0xff,0xcb,  //%@@%@@@*+@@@*@@@
0xa3,0xff,0xff,0x9b,0x5b,0xff,0xff,0xc4,0x9d,0xff,0xff,0x80,0x76,0xff,0xff,0xcb,  //%@@%*@@@%@@%*@@@
0xa3,0xff,0xff,0x9b,0x05,0xe6,0xff,0xff,0xfc,0xff,0xf9,0x18,0x75,0xff,0xff,0xcb,  //%@@%+@@@@@@+*@@@
0xa3,0xff,0xff,0x9b,0x00,0x7c,0xff,0xff,0xff,0xff,0xa1,0x00,0x74,0xff,0xff,0xcb,  //%@@%.*@@@@%.*@@@
0xa3,0xff,0xff,0x9b,0x00,0x15,0xf7,0xff,0xff,0xff,0x32,0x00,0x73,0xff,0xff,0xcb,  //%@@%.+@@@@+.*@@@
0xa3,0xff,0xff,0x9b,0x00,0x00,0x9c,0xff,0xff,0xc2,0x00,0x00,0x72,0xff,0xff,0xcb,  //%@@%..%@@@..*@@@
0xa3,0xff,0xff,0x9b,0x00,0x00,0x28,0x9b,0x9b,0x40,0x00,0x00,0x71,0xff,0xff,0xcb,  //%@@%..+%%*..*@@@
0xa3,0xff,0xff,0x9b,0x00,0x00,0x00,0x00,0x00,0x00,0x00,0x00,0x70,0xff,0xff,0xcb,  //%@@%........*@@@


/* N */
15,14,14,1,5,0,  //dsc : unicode = 0x004e
0xa3,0xff,0xff,0xe1,0x12,0x00,0x00,0x00,0x00,0x0f,0xff,0xff,0xff,0x53,  //%@@@+....+@@@*
0xa3,0xff,0xff,0xff,0xb3,0x01,0x00,0x00,0x00,0x0f,0xff,0xff,0xff,0x53,  //%@@@%+...+@@@*
0xa3,0xff,0xff,0xff,0xff,0x75,0x00,0x00,0x00,0x0f,0xff,0xff,0xff,0x53,  //%@@@@*...+@@@*
0xa3,0xff,0xff,0xff,0xff,0xfb,0x3a,0x00,0x00,0x0f,0xff,0xff,0xff,0x53,  //%@@@@@+..+@@@*
0xa3,0xff,0xff,0xff,0xff,0xff,0xe3,0x13,0x00,0x0f,0xff,0xff,0xff,0x53,  //%@@@@@@+.+@@@*
0xa3,0xff,0xff,0xf2,0xff,0xff,0xff,0xb6,0x01,0x0f,0xff,0xff,0xff,0x53,  //%@@@@@@%++@@@*
0xa3,0xff,0xff,0xc3,0x91,0xff,0xff,0xff,0x79,0x0f,0xff,0xff,0xff,0x53,  //%@@@%@@@*+@@@*
0xa3,0xff,0xff,0xc3,0x06,0xc9,0xff,0xff,0xfc,0x4e,0xff,0xff,0xff,0x53,  //%@@@+@@@@*@@@*
0xa3,0xff,0xff,0xc3,0x00,0x1f,0xed,0xff,0xff,0xed,0xff,0xff,0xff,0x53,  //%@@@.+@@@@@@@*
0xa3,0xff,0xff,0xc3,0x00,0x00,0x4b,0xfe,0xff,0xff,0xff,0xff,0xff,0x53,  //%@@@..*@@@@@@*
0xa3,0xff,0xff,0xc3,0x00,0x00,0x00,0x86,0xff,0xff,0xff,0xff,0xff,0x53,  //%@@@...%@@@@@*
0xa3,0xff,0xff,0xc3,0x00,0x00,0x00,0x03,0xc0,0xff,0xff,0xff,0xff,0x53,  //%@@@...+@@@@@*
0xa3,0xff,0xff,0xc3,0x00,0x00,0x00,0x00,0x18,0xe7,0xff,0xff,0xff,0x53,  //%@@@....+@@@@*
0xa3,0xff,0xff,0xc3,0x00,0x00,0x00,0x00,0x00,0x40,0xfc,0xff,0xff,0x53,  //%@@@.....*@@@*


/* O */
16,16,14,0,5,0,  //dsc : unicode = 0x004f
0x00,0x00,0x00,0x00,0x2b,0x99,0xd7,0xf3,0xf4,0xda,0x9b,0x31,0x00,0x00,0x00,0x00,  //....+%@@@@%+....
0x00,0x00,0x0a,0x88,0xfa,0xff,0xff,0xff,0xff,0xff,0xff,0xfc,0x90,0x0d,0x00,0x00,  //..+%@@@@@@@@%+..
0x00,0x01,0xbb,0xff,0xff,0xff,0xff,0xff,0xff,0xff,0xff,0xff,0xff,0xc7,0x04,0x00,  //.+%@@@@@@@@@@@+.
0x00,0x75,0xff,0xff,0xff,0xf8,0x84,0x3d,0x36,0x75,0xf1,0xff,0xff,0xff,0x82,0x00,  //.*@@@@%++*@@@@%.
0x14,0xfa,0xff,0xff,0xfa,0x36,0x00,0x00,0x00,0x00,0x24,0xf2,0xff,0xff,0xfd,0x1f,  //+@@@@+....+@@@@+
0x5d,0xff,0xff,0xff,0x90,0x00,0x00,0x00,0x00,0x00,0x00,0x7a,0xff,0xff,0xff,0x6c,  //*@@@%......*@@@*
0x7f,0xff,0xff,0xff,0x50,0x00,0x00,0x00,0x00,0x00,0x00,0x3c,0xff,0xff,0xff,0x8f,  //*@@@*......+@@@%
0x7e,0xff,0xff,0xff,0x51,0x00,0x00,0x00,0x00,0x00,0x00,0x3d,0xff,0xff,0xff,0x8d,  //*@@@*......+@@@%
0x5a,0xff,0xff,0xff,0x93,0x00,0x00,0x00,0x00,0x00,0x00,0x7c,0xff,0xff,0xff,0x69,  //*@@@%......*@@@*
0x12,0xf8,0xff,0xff,0xfb,0x39,0x00,0x00,0x00,0x00,0x25,0xf3,0xff,0xff,0xfb,0x1d,  //+@@@@+....+@@@@+
0x00,0x6f,0xff,0xff,0xff,0xf8,0x82,0x39,0x31,0x71,0xf1,0xff,0xff,0xff,0x7d,0x00,  //.*@@@@%++*@@@@*.
0x00,0x01,0xb7,0xff,0xff,0xff,0xff,0xff,0xff,0xff,0xff,0xff,0xff,0xc4,0x03,0x00,  //.+%@@@@@@@@@@@+.
0x00,0x00,0x09,0x86,0xfa,0xff,0xff,0xff,0xff,0xff,0xff,0xfc,0x8e,0x0c,0x00,0x00,  //..+%@@@@@@@@%+..
0x00,0x00,0x00,0x00,0x2a,0x99,0xd9,0xf4,0xf5,0xdb,0x9d,0x31,0x00,0x00,0x00,0x00,  //....+%@@@@%+....


/* P */
14,13,14,1,5,0,  //dsc : unicode = 0x0050
0xa3,0xff,0xff,0xff,0xff,0xff,0xfb,0xdc,0xb8,0x58,0x01,0x00,0x00,  //%@@@@@@@%*+..
0xa3,0xff,0xff,0xff,0xff,0xff,0xff,0xff,0xff,0xff,0xc1,0x06,0x00,  //%@@@@@@@@@@+.
0xa3,0xff,0xff,0xff,0xec,0xeb,0xf3,0xff,0xff,0xff,0xff,0x8a,0x00,  //%@@@@@@@@@@%.
0xa3,0xff,0xff,0xff,0x03,0x00,0x00,0x2c,0xdc,0xff,0xff,0xe6,0x00,  //%@@@+..+@@@@.
0xa3,0xff,0xff,0xff,0x03,0x00,0x00,0x00,0x6b,0xff,0xff,0xff,0x15,  //%@@@+...*@@@+
0xa3,0xff,0xff,0xff,0x03,0x00,0x00,0x00,0x6c,0xff,0xff,0xfe,0x0c,  //%@@@+...*@@@+
0xa3,0xff,0xff,0xff,0x03,0x00,0x00,0x28,0xdc,0xff,0xff,0xdd,0x00,  //%@@@+..+@@@@.
0xa3,0xff,0xff,0xff,0xe8,0xe7,0xef,0xff,0xff,0xff,0xff,0x74,0x00,  //%@@@@@@@@@@*.
0xa3,0xff,0xff,0xff,0xff,0xff,0xff,0xff,0xff,0xff,0xb2,0x02,0x00,  //%@@@@@@@@@%+.
0xa3,0xff,0xff,0xff,0xff,0xff,0xfb,0xdb,0xb5,0x50,0x00,0x00,0x00,  //%@@@@@@@%*...
0xa3,0xff,0xff,0xff,0x03,0x00,0x00,0x00,0x00,0x00,0x00,0x00,0x00,  //%@@@+........
0xa3,0xff,0xff,0xff,0x03,0x00,0x00,0x00,0x00,0x00,0x00,0x00,0x00,  //%@@@+........
0xa3,0xff,0xff,0xff,0x03,0x00,0x00,0x00,0x00,0x00,0x00,0x00,0x00,  //%@@@+........
0xa3,0xff,0xff,0xff,0x03,0x00,0x00,0x00,0x00,0x00,0x00,0x00,0x00,  //%@@@+........


/* Q */
17,17,17,0,2,0,  //dsc : unicode = 0x0051
0x00,0x00,0x00,0x00,0x2b,0x99,0xd7,0xf3,0xf4,0xda,0x9b,0x31,0x00,0x00,0x00,0x00,0x00,  //....+%@@@@%+.....
0x00,0x00,0x0a,0x88,0xfa,0xff,0xff,0xff,0xff,0xff,0xff,0xfc,0x91,0x0e,0x00,0x00,0x00,  //..+%@@@@@@@@%+...
0x00,0x01,0xbb,0xff,0xff,0xff,0xff,0xff,0xff,0xff,0xff,0xff,0xff,0xc7,0x04,0x00,0x00,  //.+%@@@@@@@@@@@+..
0x00,0x76,0xff,0xff,0xff,0xf8,0x83,0x3d,0x35,0x74,0xf1,0xff,0xff,0xff,0x83,0x00,0x00,  //.*@@@@%++*@@@@%..
0x15,0xfa,0xff,0xff,0xfa,0x36,0x00,0x00,0x00,0x00,0x23,0xf2,0xff,0xff,0xfd,0x20,0x00,  //+@@@@+....+@@@@+.
0x5e,0xff,0xff,0xff,0x8f,0x00,0x00,0x00,0x00,0x00,0x00,0x79,0xff,0xff,0xff,0x6c,0x00,  //*@@@%......*@@@*.
0x80,0xff,0xff,0xff,0x4f,0x00,0x00,0x00,0x00,0x00,0x00,0x3b,0xff,0xff,0xff,0x8f,0x00,  //%@@@*......+@@@%.
0x7e,0xff,0xff,0xff,0x52,0x00,0x00,0x00,0x00,0x00,0x00,0x3e,0xff,0xff,0xff,0x85,0x00,  //*@@@*......+@@@%.
0x59,0xff,0xff,0xff,0x96,0x00,0x00,0x00,0x00,0x00,0x00,0x7f,0xff,0xff,0xff,0x5c,0x00,  //*@@@%......*@@@*.
0x11,0xf4,0xff,0xff,0xfc,0x41,0x00,0x00,0x00,0x00,0x2b,0xf5,0xff,0xff,0xf5,0x17,0x00,  //+@@@@*....+@@@@+.
0x00,0x64,0xff,0xff,0xff,0xfb,0x8e,0x45,0x3d,0x7d,0xf5,0xff,0xff,0xff,0x89,0x00,0x00,  //.*@@@@%*+*@@@@%..
0x00,0x00,0xa9,0xff,0xff,0xff,0xff,0xff,0xff,0xff,0xff,0xff,0xff,0xb3,0x06,0x00,0x00,  //..%@@@@@@@@@@%+..
0x00,0x00,0x01,0x68,0xf0,0xff,0xff,0xff,0xff,0xff,0xff,0xf7,0x8a,0x06,0x00,0x00,0x00,  //..+*@@@@@@@@%+...
0x00,0x00,0x00,0x00,0x18,0x62,0x97,0xd3,0xff,0xff,0xff,0x5d,0x00,0x07,0x75,0x31,0x00,  //....+*%@@@@*.+*+.
0x00,0x00,0x00,0x00,0x00,0x00,0x00,0x07,0xda,0xff,0xff,0xfe,0xd6,0xf4,0xff,0xc2,0x00,  //.......+@@@@@@@@.
0x00,0x00,0x00,0x00,0x00,0x00,0x00,0x00,0x30,0xeb,0xff,0xff,0xff,0xff,0xff,0xe3,0x1c,  //........+@@@@@@@+
0x00,0x00,0x00,0x00,0x00,0x00,0x00,0x00,0x00,0x1e,0x9c,0xe2,0xf0,0xc2,0x7e,0x0b,0x00,  //.........+%@@@*+.


/* R */
14,13,14,1,5,0,  //dsc : unicode = 0x0052
0xa3,0xff,0xff,0xff,0xff,0xff,0xfd,0xe2,0xbf,0x79,0x0b,0x00,0x00,  //%@@@@@@@%*+..
0xa3,0xff,0xff,0xff,0xff,0xff,0xff,0xff,0xff,0xff,0xe9,0x2a,0x00,  //%@@@@@@@@@@+.
0xa3,0xff,0xff,0xff,0xec,0xeb,0xed,0xff,0xff,0xff,0xff,0xd4,0x07,  //%@@@@@@@@@@@+
0xa3,0xff,0xff,0xff,0x03,0x00,0x00,0x0f,0xa1,0xff,0xff,0xff,0x3c,  //%@@@+..+%@@@+
0xa3,0xff,0xff,0xff,0x03,0x00,0x00,0x00,0x13,0xff,0xff,0xff,0x6d,  //%@@@+...+@@@*
0xa3,0xff,0xff,0xff,0x03,0x00,0x00,0x00,0x14,0xff,0xff,0xff,0x6b,  //%@@@+...+@@@*
0xa3,0xff,0xff,0xff,0x03,0x00,0x00,0x0c,0xa0,0xff,0xff,0xff,0x3d,  //%@@@+..+%@@@+
0xa3,0xff,0xff,0xff,0xe8,0xe7,0xe9,0xfd,0xff,0xff,0xff,0xd2,0x01,  //%@@@@@@@@@@@+
0xa3,0xff,0xff,0xff,0xff,0xff,0xff,0xff,0xff,0xff,0xe3,0x27,0x00,  //%@@@@@@@@@@+.
0xa3,0xff,0xff,0xff,0xff,0xff,0xff,0xff,0xff,0xff,0x36,0x00,0x00,  //%@@@@@@@@@+..
0xa3,0xff,0xff,0xff,0x03,0x00,0x11,0xf0,0xff,0xff,0xbc,0x00,0x00,  //%@@@+.+@@@%..
0xa3,0xff,0xff,0xff,0x03,0x00,0x00,0x7f,0xff,0xff,0xff,0x5c,0x00,  //%@@@+..*@@@*.
0xa3,0xff,0xff,0xff,0x03,0x00,0x00,0x0e,0xed,0xff,0xff,0xe9,0x11,  //%@@@+..+@@@@+
0xa3,0xff,0xff,0xff,0x03,0x00,0x00,0x00,0x79,0xff,0xff,0xff,0x9b,  //%@@@+...*@@@%


/* S */
13,13,14,0,5,0,  //dsc : unicode = 0x0053
0x00,0x00,0x00,0x37,0xa7,0xd3,0xf4,0xe5,0xbf,0x99,0x40,0x00,0x00,  //...+%@@@%%*..
0x00,0x00,0x8d,0xff,0xff,0xff,0xff,0xff,0xff,0xff,0xff,0xcd,0x26,  //..%@@@@@@@@@+
0x00,0x56,0xff,0xff,0xff,0xff,0xff,0xff,0xff,0xff,0xff,0xe9,0x09,  //.*@@@@@@@@@@+
0x00,0xa4,0xff,0xff,0xff,0x59,0x09,0x2e,0x65,0xc8,0xff,0x77,0x00,  //.%@@@*++*@@*.
0x00,0xbf,0xff,0xff,0xff,0x63,0x00,0x00,0x00,0x00,0x37,0x0d,0x00,  //.%@@@*....++.
0x00,0x89,0xff,0xff,0xff,0xff,0xd2,0x84,0x38,0x00,0x00,0x00,0x00,  //.%@@@@@%+....
0x00,0x10,0xd8,0xff,0xff,0xff,0xff,0xff,0xff,0xdc,0x62,0x01,0x00,  //.+@@@@@@@@*+.
0x00,0x00,0x0b,0x80,0xe1,0xff,0xff,0xff,0xff,0xff,0xff,0x92,0x00,  //..+%@@@@@@@%.
0x00,0x00,0x00,0x00,0x01,0x32,0x7b,0xcf,0xff,0xff,0xff,0xff,0x28,  //....++*@@@@@+
0x00,0x83,0x91,0x11,0x00,0x00,0x00,0x01,0xa5,0xff,0xff,0xff,0x5b,  //.%%+...+%@@@*
0x15,0xf4,0xff,0xec,0x7b,0x2b,0x05,0x1e,0xc3,0xff,0xff,0xff,0x3c,  //+@@@*+++@@@@+
0x7c,0xff,0xff,0xff,0xff,0xff,0xfe,0xff,0xff,0xff,0xff,0xe9,0x07,  //*@@@@@@@@@@@+
0x04,0x6a,0xe9,0xff,0xff,0xff,0xff,0xff,0xff,0xff,0xf1,0x33,0x00,  //+*@@@@@@@@@+.
0x00,0x00,0x0c,0x70,0xb6,0xe3,0xf8,0xe9,0xca,0x7e,0x14,0x00,0x00,  //..+*%@@@@*+..


/* T */
13,13,14,0,5,0,  //dsc : unicode = 0x0054
0xdf,0xff,0xff,0xff,0xff,0xff,0xff,0xff,0xff,0xff,0xff,0xff,0x27,  //@@@@@@@@@@@@+
0xdf,0xff,0xff,0xff,0xff,0xff,0xff,0xff,0xff,0xff,0xff,0xff,0x27,  //@@@@@@@@@@@@+
0xdf,0xff,0xff,0xff,0xff,0xff,0xff,0xff,0xff,0xff,0xff,0xff,0x27,  //@@@@@@@@@@@@+
0x06,0x07,0x07,0x07,0xb6,0xff,0xff,0xf4,0x07,0x07,0x07,0x07,0x01,  //++++%@@@+++++
0x00,0x00,0x00,0x00,0xb3,0xff,0xff,0xf3,0x00,0x00,0x00,0x00,0x00,  //....%@@@.....
0x00,0x00,0x00,0x00,0xb3,0xff,0xff,0xf3,0x00,0x00,0x00,0x00,0x00,  //....%@@@.....
0x00,0x00,0x00,0x00,0xb3,0xff,0xff,0xf3,0x00,0x00,0x00,0x00,0x00,  //....%@@@.....
0x00,0x00,0x00,0x00,0xb3,0xff,0xff,0xf3,0x00,0x00,0x00,0x00,0x00,  //....%@@@.....
0x00,0x00,0x00,0x00,0xb3,0xff,0xff,0xf3,0x00,0x00,0x00,0x00,0x00,  //....%@@@.....
0x00,0x00,0x00,0x00,0xb3,0xff,0xff,0xf3,0x00,0x00,0x00,0x00,0x00,  //....%@@@.....
0x00,0x00,0x00,0x00,0xb3,0xff,0xff,0xf3,0x00,0x00,0x00,0x00,0x00,  //....%@@@.....
0x00,0x00,0x00,0x00,0xb3,0xff,0xff,0xf3,0x00,0x00,0x00,0x00,0x00,  //....%@@@.....
0x00,0x00,0x00,0x00,0xb3,0xff,0xff,0xf3,0x00,0x00,0x00,0x00,0x00,  //....%@@@.....
0x00,0x00,0x00,0x00,0xb3,0xff,0xff,0xf3,0x00,0x00,0x00,0x00,0x00,  //....%@@@.....


/* U */
15,14,14,1,5,0,  //dsc : unicode = 0x0055
0xe3,0xff,0xff,0xc3,0x00,0x00,0x00,0x00,0x00,0x9f,0xff,0xff,0xff,0x07,  //@@@@.....%@@@+
0xe3,0xff,0xff,0xc3,0x00,0x00,0x00,0x00,0x00,0x9f,0xff,0xff,0xff,0x07,  //@@@@.....%@@@+
0xe3,0xff,0xff,0xc3,0x00,0x00,0x00,0x00,0x00,0x9f,0xff,0xff,0xff,0x07,  //@@@@.....%@@@+
0xe3,0xff,0xff,0xc3,0x00,0x00,0x00,0x00,0x00,0x9f,0xff,0xff,0xff,0x07,  //@@@@.....%@@@+
0xe3,0xff,0xff,0xc3,0x00,0x00,0x00,0x00,0x00,0x9f,0xff,0xff,0xff,0x07,  //@@@@.....%@@@+
0xe3,0xff,0xff,0xc3,0x00,0x00,0x00,0x00,0x00,0x9f,0xff,0xff,0xff,0x07,  //@@@@.....%@@@+
0xe3,0xff,0xff,0xc3,0x00,0x00,0x00,0x00,0x00,0x9f,0xff,0xff,0xff,0x07,  //@@@@.....%@@@+
0xe3,0xff,0xff,0xc3,0x00,0x00,0x00,0x00,0x00,0x9f,0xff,0xff,0xff,0x07,  //@@@@.....%@@@+
0xcd,0xff,0xff,0xd9,0x00,0x00,0x00,0x00,0x00,0xb5,0xff,0xff,0xf0,0x00,  //@@@@.....%@@@.
0x9e,0xff,0xff,0xfd,0x2f,0x00,0x00,0x00,0x13,0xee,0xff,0xff,0xc1,0x00,  //%@@@+...+@@@@.
0x5e,0xff,0xff,0xff,0xe3,0x5b,0x27,0x46,0xcb,0xff,0xff,0xff,0x83,0x00,  //*@@@@*+*@@@@%.
0x01,0xbb,0xff,0xff,0xff,0xff,0xff,0xff,0xff,0xff,0xff,0xda,0x0a,0x00,  //+%@@@@@@@@@@+.
0x00,0x1a,0xbe,0xff,0xff,0xff,0xff,0xff,0xff,0xff,0xd5,0x30,0x00,0x00,  //.+%@@@@@@@@+..
0x00,0x00,0x00,0x54,0xab,0xd3,0xf5,0xdc,0xb4,0x6e,0x04,0x00,0x00,0x00,  //...*%@@@%*+...


/* V */
15,16,14,-1,5,0,  //dsc : unicode = 0x0056
0x00,0xd9,0xff,0xff,0xfb,0x14,0x00,0x00,0x00,0x00,0x00,0x40,0xff,0xff,0xff,0x79,  //.@@@@+.....*@@@*
0x00,0x77,0xff,0xff,0xff,0x67,0x00,0x00,0x00,0x00,0x00,0x9a,0xff,0xff,0xfb,0x19,  //.*@@@*.....%@@@+
0x00,0x18,0xfb,0xff,0xff,0xc0,0x00,0x00,0x00,0x00,0x05,0xed,0xff,0xff,0xb0,0x00,  //.+@@@@....+@@@%.
0x00,0x00,0xb0,0xff,0xff,0xfd,0x1a,0x00,0x00,0x00,0x4c,0xff,0xff,0xff,0x4c,0x00,  //..%@@@+...*@@@*.
0x00,0x00,0x4c,0xff,0xff,0xff,0x70,0x00,0x00,0x00,0xa5,0xff,0xff,0xe4,0x03,0x00,  //..*@@@*...%@@@+.
0x00,0x00,0x03,0xe5,0xff,0xff,0xc9,0x00,0x00,0x0a,0xf4,0xff,0xff,0x83,0x00,0x00,  //..+@@@@..+@@@%..
0x00,0x00,0x00,0x85,0xff,0xff,0xff,0x22,0x00,0x57,0xff,0xff,0xfe,0x21,0x00,0x00,  //...%@@@+.*@@@+..
0x00,0x00,0x00,0x23,0xfe,0xff,0xff,0x79,0x00,0xb1,0xff,0xff,0xbb,0x00,0x00,0x00,  //...+@@@*.%@@%...
0x00,0x00,0x00,0x00,0xbf,0xff,0xff,0xd2,0x10,0xf9,0xff,0xff,0x56,0x00,0x00,0x00,  //....%@@@+@@@*...
0x00,0x00,0x00,0x00,0x5b,0xff,0xff,0xff,0x8e,0xff,0xff,0xec,0x06,0x00,0x00,0x00,  //....*@@@%@@@+...
0x00,0x00,0x00,0x00,0x08,0xef,0xff,0xff,0xfe,0xff,0xff,0x8e,0x00,0x00,0x00,0x00,  //....+@@@@@@%....
0x00,0x00,0x00,0x00,0x00,0x94,0xff,0xff,0xff,0xff,0xff,0x2a,0x00,0x00,0x00,0x00,  //.....%@@@@@+....
0x00,0x00,0x00,0x00,0x00,0x31,0xff,0xff,0xff,0xff,0xc5,0x00,0x00,0x00,0x00,0x00,  //.....+@@@@@.....
0x00,0x00,0x00,0x00,0x00,0x00,0xcd,0xff,0xff,0xff,0x61,0x00,0x00,0x00,0x00,0x00,  //......@@@@*.....


/* W */
22,23,14,-1,5,0,  //dsc : unicode = 0x0057
0x00,0xe1,0xff,0xff,0xfa,0x0b,0x00,0x00,0x00,0x02,0xee,0xff,0xff,0xe8,0x00,0x00,0x00,0x00,0x10,0xfc,0xff,0xff,0xad,  //.@@@@+...+@@@@....+@@@%
0x00,0x8d,0xff,0xff,0xff,0x48,0x00,0x00,0x00,0x34,0xff,0xff,0xff,0xff,0x2c,0x00,0x00,0x00,0x50,0xff,0xff,0xff,0x58,  //.%@@@*...+@@@@+...*@@@*
0x00,0x39,0xff,0xff,0xff,0x8b,0x00,0x00,0x00,0x77,0xff,0xff,0xff,0xff,0x6f,0x00,0x00,0x00,0x93,0xff,0xff,0xf7,0x0c,  //.+@@@%...*@@@@*...%@@@+
0x00,0x01,0xe4,0xff,0xff,0xce,0x00,0x00,0x00,0xba,0xff,0xff,0xff,0xff,0xb2,0x00,0x00,0x00,0xd6,0xff,0xff,0xaf,0x00,  //.+@@@@...%@@@@%...@@@%.
0x00,0x00,0x91,0xff,0xff,0xfe,0x13,0x00,0x06,0xf6,0xff,0xf3,0xff,0xff,0xf1,0x03,0x00,0x19,0xff,0xff,0xff,0x5a,0x00,  //..%@@@+.+@@@@@@+.+@@@*.
0x00,0x00,0x3d,0xff,0xff,0xff,0x54,0x00,0x3f,0xff,0xff,0xa9,0xd4,0xff,0xff,0x38,0x00,0x5b,0xff,0xff,0xf8,0x0e,0x00,  //..+@@@*.+@@%@@@+.*@@@+.
0x00,0x00,0x02,0xe7,0xff,0xff,0x97,0x00,0x82,0xff,0xff,0x62,0x8f,0xff,0xff,0x7b,0x00,0x9e,0xff,0xff,0xb1,0x00,0x00,  //..+@@@%.%@@*%@@*.%@@%..
0x00,0x00,0x00,0x95,0xff,0xff,0xdb,0x00,0xc5,0xff,0xff,0x1c,0x4b,0xff,0xff,0xbf,0x00,0xe1,0xff,0xff,0x5d,0x00,0x00,  //...%@@@.@@@+*@@%.@@@*..
0x00,0x00,0x00,0x41,0xff,0xff,0xff,0x2b,0xfb,0xff,0xd4,0x00,0x0d,0xfb,0xff,0xf8,0x2d,0xff,0xff,0xf9,0x0f,0x00,0x00,  //...*@@@+@@@.+@@@+@@@+..
0x00,0x00,0x00,0x03,0xea,0xff,0xff,0xab,0xff,0xff,0x8d,0x00,0x00,0xc3,0xff,0xff,0xab,0xff,0xff,0xb3,0x00,0x00,0x00,  //...+@@@%@@%..@@@%@@%...
0x00,0x00,0x00,0x00,0x99,0xff,0xff,0xfe,0xff,0xff,0x47,0x00,0x00,0x7e,0xff,0xff,0xfe,0xff,0xff,0x5f,0x00,0x00,0x00,  //....%@@@@@*..*@@@@@*...
0x00,0x00,0x00,0x00,0x45,0xff,0xff,0xff,0xff,0xf7,0x09,0x00,0x00,0x3a,0xff,0xff,0xff,0xff,0xfa,0x10,0x00,0x00,0x00,  //....*@@@@@+..+@@@@@+...
0x00,0x00,0x00,0x00,0x04,0xed,0xff,0xff,0xff,0xb9,0x00,0x00,0x00,0x04,0xf2,0xff,0xff,0xff,0xb6,0x00,0x00,0x00,0x00,  //....+@@@@%...+@@@@%....
0x00,0x00,0x00,0x00,0x00,0x9d,0xff,0xff,0xff,0x72,0x00,0x00,0x00,0x00,0xb2,0xff,0xff,0xff,0x61,0x00,0x00,0x00,0x00,  //.....%@@@*....%@@@*....


/* X */
15,15,14,0,5,0,  //dsc : unicode = 0x0058
0x46,0xff,0xff,0xff,0xe8,0x12,0x00,0x00,0x00,0x68,0xff,0xff,0xff,0xd9,0x0a,  //*@@@@+...*@@@@+
0x00,0x98,0xff,0xff,0xff,0xa4,0x00,0x00,0x1f,0xf3,0xff,0xff,0xfb,0x36,0x00,  //.%@@@%..+@@@@+.
0x00,0x0c,0xde,0xff,0xff,0xff,0x4d,0x00,0xbb,0xff,0xff,0xff,0x81,0x00,0x00,  //.+@@@@*.%@@@%..
0x00,0x00,0x3f,0xfe,0xff,0xff,0xe5,0x76,0xff,0xff,0xff,0xcc,0x05,0x00,0x00,  //..+@@@@*@@@@+..
0x00,0x00,0x00,0x90,0xff,0xff,0xff,0xff,0xff,0xff,0xf7,0x29,0x00,0x00,0x00,  //...%@@@@@@@+...
0x00,0x00,0x00,0x09,0xd9,0xff,0xff,0xff,0xff,0xff,0x6f,0x00,0x00,0x00,0x00,  //...+@@@@@@*....
0x00,0x00,0x00,0x00,0x38,0xff,0xff,0xff,0xff,0xcd,0x01,0x00,0x00,0x00,0x00,  //....+@@@@@+....
0x00,0x00,0x00,0x00,0x63,0xff,0xff,0xff,0xff,0xf9,0x2e,0x00,0x00,0x00,0x00,  //....*@@@@@+....
0x00,0x00,0x00,0x22,0xf3,0xff,0xff,0xff,0xff,0xff,0xd1,0x06,0x00,0x00,0x00,  //...+@@@@@@@+...
0x00,0x00,0x03,0xc5,0xff,0xff,0xff,0xed,0xff,0xff,0xff,0x88,0x00,0x00,0x00,  //..+@@@@@@@@%...
0x00,0x00,0x7b,0xff,0xff,0xff,0xb8,0x2e,0xf9,0xff,0xff,0xfd,0x3c,0x00,0x00,  //..*@@@%+@@@@+..
0x00,0x33,0xfa,0xff,0xff,0xef,0x1b,0x00,0x77,0xff,0xff,0xff,0xdd,0x0c,0x00,  //.+@@@@+.*@@@@+.
0x09,0xd6,0xff,0xff,0xff,0x5e,0x00,0x00,0x02,0xc5,0xff,0xff,0xff,0x9a,0x00,  //+@@@@*..+@@@@%.
0x92,0xff,0xff,0xff,0xb1,0x00,0x00,0x00,0x00,0x23,0xf4,0xff,0xff,0xff,0x4b,  //%@@@%....+@@@@*


/* Y */
14,15,14,-1,5,0,  //dsc : unicode = 0x0059
0x02,0xd5,0xff,0xff,0xd0,0x02,0x00,0x00,0x00,0x00,0x2b,0xfd,0xff,0xff,0x83,  //+@@@@+....+@@@%
0x00,0x4f,0xff,0xff,0xff,0x5f,0x00,0x00,0x00,0x00,0xb2,0xff,0xff,0xed,0x0f,  //.*@@@*....%@@@+
0x00,0x00,0xc6,0xff,0xff,0xe3,0x09,0x00,0x00,0x3c,0xff,0xff,0xff,0x73,0x00,  //..@@@@+..+@@@*.
0x00,0x00,0x3d,0xff,0xff,0xff,0x7a,0x00,0x00,0xc5,0xff,0xff,0xe3,0x08,0x00,  //..+@@@*..@@@@+.
0x00,0x00,0x00,0xb4,0xff,0xff,0xf2,0x16,0x4f,0xff,0xff,0xff,0x63,0x00,0x00,  //...%@@@+*@@@*..
0x00,0x00,0x00,0x2d,0xfd,0xff,0xff,0x99,0xd6,0xff,0xff,0xd8,0x03,0x00,0x00,  //...+@@@%@@@@+..
0x00,0x00,0x00,0x00,0xa2,0xff,0xff,0xff,0xff,0xff,0xff,0x53,0x00,0x00,0x00,  //....%@@@@@@*...
0x00,0x00,0x00,0x00,0x20,0xf9,0xff,0xff,0xff,0xff,0xcb,0x00,0x00,0x00,0x00,  //....+@@@@@@....
0x00,0x00,0x00,0x00,0x00,0x90,0xff,0xff,0xff,0xff,0x43,0x00,0x00,0x00,0x00,  //.....%@@@@*....
0x00,0x00,0x00,0x00,0x00,0x15,0xfb,0xff,0xff,0xcb,0x00,0x00,0x00,0x00,0x00,  //.....+@@@@.....
0x00,0x00,0x00,0x00,0x00,0x00,0xf3,0xff,0xff,0xb7,0x00,0x00,0x00,0x00,0x00,  //......@@@%.....
0x00,0x00,0x00,0x00,0x00,0x00,0xf3,0xff,0xff,0xb7,0x00,0x00,0x00,0x00,0x00,  //......@@@%.....
0x00,0x00,0x00,0x00,0x00,0x00,0xf3,0xff,0xff,0xb7,0x00,0x00,0x00,0x00,0x00,  //......@@@%.....
0x00,0x00,0x00,0x00,0x00,0x00,0xf3,0xff,0xff,0xb7,0x00,0x00,0x00,0x00,0x00,  //......@@@%.....


/* Z */
13,13,14,0,5,0,  //dsc : unicode = 0x005a
0x33,0xff,0xff,0xff,0xff,0xff,0xff,0xff,0xff,0xff,0xff,0xff,0xd3,  //+@@@@@@@@@@@@
0x33,0xff,0xff,0xff,0xff,0xff,0xff,0xff,0xff,0xff,0xff,0xff,0xd3,  //+@@@@@@@@@@@@
0x31,0xf3,0xf3,0xf3,0xf3,0xf3,0xf3,0xf5,0xff,0xff,0xff,0xff,0xad,  //+@@@@@@@@@@@%
0x00,0x00,0x00,0x00,0x00,0x00,0x00,0x87,0xff,0xff,0xff,0xd5,0x0f,  //.......%@@@@+
0x00,0x00,0x00,0x00,0x00,0x00,0x62,0xff,0xff,0xff,0xe9,0x20,0x00,  //......*@@@@+.
0x00,0x00,0x00,0x00,0x00,0x42,0xfa,0xff,0xff,0xf7,0x38,0x00,0x00,  //.....*@@@@+..
0x00,0x00,0x00,0x00,0x28,0xef,0xff,0xff,0xfe,0x56,0x00,0x00,0x00,  //....+@@@@*...
0x00,0x00,0x00,0x14,0xdd,0xff,0xff,0xff,0x79,0x00,0x00,0x00,0x00,  //...+@@@@*....
0x00,0x00,0x07,0xc5,0xff,0xff,0xff,0x9f,0x00,0x00,0x00,0x00,0x00,  //..+@@@@%.....
0x00,0x00,0xa6,0xff,0xff,0xff,0xbf,0x05,0x00,0x00,0x00,0x00,0x00,  //..%@@@%+.....
0x00,0x82,0xff,0xff,0xff,0xd8,0x11,0x00,0x00,0x00,0x00,0x00,0x00,  //.%@@@@+......
0x4e,0xff,0xff,0xff,0xff,0xf7,0xef,0xef,0xef,0xef,0xef,0xef,0xe4,  //*@@@@@@@@@@@@
0x77,0xff,0xff,0xff,0xff,0xff,0xff,0xff,0xff,0xff,0xff,0xff,0xf3,  //*@@@@@@@@@@@@
0x77,0xff,0xff,0xff,0xff,0xff,0xff,0xff,0xff,0xff,0xff,0xff,0xf3,  //*@@@@@@@@@@@@


/* [ */
7,6,18,1,2,0,  //dsc : unicode = 0x005b
0xa3,0xff,0xff,0xff,0xff,0xe7,  //%@@@@@
0xa3,0xff,0xff,0xff,0xff,0xe7,  //%@@@@@
0xa3,0xff,0xff,0xd9,0xaf,0x9f,  //%@@@%%
0xa3,0xff,0xff,0x83,0x00,0x00,  //%@@%..
0xa3,0xff,0xff,0x83,0x00,0x00,  //%@@%..
0xa3,0xff,0xff,0x83,0x00,0x00,  //%@@%..
0xa3,0xff,0xff,0x83,0x00,0x00,  //%@@%..
0xa3,0xff,0xff,0x83,0x00,0x00,  //%@@%..
0xa3,0xff,0xff,0x83,0x00,0x00,  //%@@%..
0xa3,0xff,0xff,0x83,0x00,0x00,  //%@@%..
0xa3,0xff,0xff,0x83,0x00,0x00,  //%@@%..
0xa3,0xff,0xff,0x83,0x00,0x00,  //%@@%..
0xa3,0xff,0xff,0x83,0x00,0x00,  //%@@%..
0xa3,0xff,0xff,0x83,0x00,0x00,  //%@@%..
0xa3,0xff,0xff,0x83,0x00,0x00,  //%@@%..
0xa3,0xff,0xff,0xff,0xff,0xe7,  //%@@@@@
0xa3,0xff,0xff,0xff,0xff,0xe7,  //%@@@@@
0x70,0xaf,0xaf,0xaf,0xaf,0x9f,  //*%%%%%


/* \ */
10,10,19,0,3,0,  //dsc : unicode = 0x005c
0x5a,0x63,0x63,0x09,0x00,0x00,0x00,0x00,0x00,0x00,  //***+......
0xa7,0xff,0xff,0x57,0x00,0x00,0x00,0x00,0x00,0x00,  //%@@*......
0x4d,0xff,0xff,0xb1,0x00,0x00,0x00,0x00,0x00,0x00,  //*@@%......
0x05,0xed,0xff,0xfa,0x12,0x00,0x00,0x00,0x00,0x00,  //+@@@+.....
0x00,0x98,0xff,0xff,0x66,0x00,0x00,0x00,0x00,0x00,  //.%@@*.....
0x00,0x3e,0xff,0xff,0xc0,0x00,0x00,0x00,0x00,0x00,  //.+@@@.....
0x00,0x01,0xe3,0xff,0xfe,0x1c,0x00,0x00,0x00,0x00,  //.+@@@+....
0x00,0x00,0x8a,0xff,0xff,0x75,0x00,0x00,0x00,0x00,  //..%@@*....
0x00,0x00,0x2f,0xff,0xff,0xcf,0x00,0x00,0x00,0x00,  //..+@@@....
0x00,0x00,0x00,0xd6,0xff,0xff,0x29,0x00,0x00,0x00,  //...@@@+...
0x00,0x00,0x00,0x7b,0xff,0xff,0x83,0x00,0x00,0x00,  //...*@@%...
0x00,0x00,0x00,0x22,0xff,0xff,0xdd,0x00,0x00,0x00,  //...+@@@...
0x00,0x00,0x00,0x00,0xc6,0xff,0xff,0x38,0x00,0x00,  //....@@@+..
0x00,0x00,0x00,0x00,0x6c,0xff,0xff,0x92,0x00,0x00,  //....*@@%..
0x00,0x00,0x00,0x00,0x16,0xfc,0xff,0xe9,0x03,0x00,  //....+@@@+.
0x00,0x00,0x00,0x00,0x00,0xb8,0xff,0xff,0x47,0x00,  //.....%@@*.
0x00,0x00,0x00,0x00,0x00,0x5d,0xff,0xff,0xa1,0x00,  //.....*@@%.
0x00,0x00,0x00,0x00,0x00,0x0d,0xf6,0xff,0xf2,0x09,  //.....+@@@+
0x00,0x00,0x00,0x00,0x00,0x00,0xa9,0xff,0xff,0x56,  //......%@@*


/* ] */
8,7,18,1,2,0,  //dsc : unicode = 0x005d
0x53,0xff,0xff,0xff,0xff,0xff,0x3b,  //*@@@@@+
0x53,0xff,0xff,0xff,0xff,0xff,0x3b,  //*@@@@@+
0x39,0xaf,0xaf,0xf9,0xff,0xff,0x3b,  //+%%@@@+
0x00,0x00,0x00,0xeb,0xff,0xff,0x3b,  //...@@@+
0x00,0x00,0x00,0xeb,0xff,0xff,0x3b,  //...@@@+
0x00,0x00,0x00,0xeb,0xff,0xff,0x3b,  //...@@@+
0x00,0x00,0x00,0xeb,0xff,0xff,0x3b,  //...@@@+
0x00,0x00,0x00,0xeb,0xff,0xff,0x3b,  //...@@@+
0x00,0x00,0x00,0xeb,0xff,0xff,0x3b,  //...@@@+
0x00,0x00,0x00,0xeb,0xff,0xff,0x3b,  //...@@@+
0x00,0x00,0x00,0xeb,0xff,0xff,0x3b,  //...@@@+
0x00,0x00,0x00,0xeb,0xff,0xff,0x3b,  //...@@@+
0x00,0x00,0x00,0xeb,0xff,0xff,0x3b,  //...@@@+
0x00,0x00,0x00,0xeb,0xff,0xff,0x3b,  //...@@@+
0x00,0x00,0x00,0xeb,0xff,0xff,0x3b,  //...@@@+
0x53,0xff,0xff,0xff,0xff,0xff,0x3b,  //*@@@@@+
0x53,0xff,0xff,0xff,0xff,0xff,0x3b,  //*@@@@@+
0x39,0xaf,0xaf,0xaf,0xaf,0xaf,0x29,  //+%%%%%+


/* ^ */
11,11,8,0,8,0,  //dsc : unicode = 0x005e
0x00,0x00,0x00,0x00,0x9e,0xb7,0xb7,0x4a,0x00,0x00,0x00,  //....%%%*...
0x00,0x00,0x00,0x46,0xff,0xff,0xff,0xd0,0x00,0x00,0x00,  //...*@@@@...
0x00,0x00,0x00,0xc0,0xff,0xc3,0xfd,0xff,0x4b,0x00,0x00,  //...@@@@@*..
0x00,0x00,0x3b,0xff,0xff,0x33,0xab,0xff,0xc6,0x00,0x00,  //..+@@+%@@..
0x00,0x00,0xb6,0xff,0xbe,0x00,0x36,0xff,0xff,0x41,0x00,  //..%@%.+@@*.
0x00,0x32,0xff,0xff,0x4a,0x00,0x00,0xc1,0xff,0xbc,0x00,  //.+@@*..@@%.
0x00,0xac,0xff,0xd5,0x01,0x00,0x00,0x4c,0xff,0xff,0x37,  //.%@@+..*@@+
0x28,0xfd,0xff,0x61,0x00,0x00,0x00,0x01,0xd5,0xff,0xb2,  //+@@*...+@@%


/* _ */
12,12,2,0,1,0,  //dsc : unicode = 0x005f
0xf3,0xf3,0xf3,0xf3,0xf3,0xf3,0xf3,0xf3,0xf3,0xf3,0xf3,0xa7,  //@@@@@@@@@@@%
0xff,0xff,0xff,0xff,0xff,0xff,0xff,0xff,0xff,0xff,0xff,0xaf,  //@@@@@@@@@@@%


/* ` */
7,7,4,0,17,0,  //dsc : unicode = 0x0060
0x00,0x00,0x01,0x3e,0x09,0x00,0x00,  //..+++..
0x08,0x8b,0xe3,0xff,0x87,0x00,0x00,  //+%@@%..
0x00,0x5a,0xf9,0xff,0xfa,0x2c,0x00,  //.*@@@+.
0x00,0x00,0x3f,0xef,0xff,0xc6,0x01,  //..+@@@+


/* a */
11,11,11,0,5,0,  //dsc : unicode = 0x0061
0x00,0x03,0x45,0x9d,0xc9,0xe8,0xf5,0xd4,0x97,0x1f,0x00,  //.+*%@@@@%+.
0x00,0x9d,0xff,0xff,0xff,0xff,0xff,0xff,0xff,0xf2,0x29,  //.%@@@@@@@@+
0x00,0x3b,0xff,0xf9,0xd6,0xc2,0xe6,0xff,0xff,0xff,0xb4,  //.+@@@@@@@@%
0x00,0x00,0x46,0x0c,0x00,0x00,0x02,0xba,0xff,0xff,0xeb,  //..*+..+%@@@
0x00,0x0a,0x75,0xbb,0xdc,0xe3,0xe3,0xf2,0xff,0xff,0xf7,  //.+*%@@@@@@@
0x04,0xc5,0xff,0xff,0xff,0xff,0xff,0xff,0xff,0xff,0xf7,  //+@@@@@@@@@@
0x4b,0xff,0xff,0xff,0x4c,0x04,0x00,0x87,0xff,0xff,0xf7,  //*@@@*+.%@@@
0x70,0xff,0xff,0xf3,0x07,0x00,0x06,0xd1,0xff,0xff,0xf7,  //*@@@+.+@@@@
0x50,0xff,0xff,0xff,0xb7,0x7e,0xcc,0xff,0xff,0xff,0xf7,  //*@@@%*@@@@@
0x08,0xd7,0xff,0xff,0xff,0xff,0xff,0xe8,0xff,0xff,0xf7,  //+@@@@@@@@@@
0x00,0x1a,0xa1,0xe3,0xf1,0xc4,0x5c,0x87,0xff,0xff,0xf7,  //.+%@@@*%@@@


/* b */
14,13,15,1,5,0,  //dsc : unicode = 0x0062
0x8b,0xff,0xff,0xff,0x03,0x00,0x00,0x00,0x00,0x00,0x00,0x00,0x00,  //%@@@+........
0x8b,0xff,0xff,0xff,0x03,0x00,0x00,0x00,0x00,0x00,0x00,0x00,0x00,  //%@@@+........
0x8b,0xff,0xff,0xff,0x03,0x00,0x00,0x00,0x00,0x00,0x00,0x00,0x00,  //%@@@+........
0x8b,0xff,0xff,0xff,0x03,0x00,0x00,0x00,0x00,0x00,0x00,0x00,0x00,  //%@@@+........
0x8b,0xff,0xff,0xff,0x10,0x94,0xd8,0xee,0xbd,0x67,0x00,0x00,0x00,  //%@@@+%@@%*...
0x8b,0xff,0xff,0xff,0xd4,0xff,0xff,0xff,0xff,0xff,0xb2,0x02,0x00,  //%@@@@@@@@@%+.
0x8b,0xff,0xff,0xff,0xff,0xf6,0xdf,0xfe,0xff,0xff,0xff,0x68,0x00,  //%@@@@@@@@@@*.
0x8b,0xff,0xff,0xff,0xbd,0x0e,0x00,0x33,0xf0,0xff,0xff,0xe2,0x00,  //%@@@%+.+@@@@.
0x8b,0xff,0xff,0xff,0x31,0x00,0x00,0x00,0x87,0xff,0xff,0xff,0x0f,  //%@@@+...%@@@+
0x8b,0xff,0xff,0xff,0x0d,0x00,0x00,0x00,0x62,0xff,0xff,0xff,0x31,  //%@@@+...*@@@+
0x8b,0xff,0xff,0xff,0x35,0x00,0x00,0x00,0x8b,0xff,0xff,0xff,0x15,  //%@@@+...%@@@+
0x8b,0xff,0xff,0xff,0xc5,0x15,0x00,0x3f,0xf3,0xff,0xff,0xea,0x00,  //%@@@@+.+@@@@.
0x8b,0xff,0xff,0xff,0xff,0xfd,0xee,0xff,0xff,0xff,0xff,0x77,0x00,  //%@@@@@@@@@@*.
0x8b,0xff,0xff,0xff,0xd6,0xff,0xff,0xff,0xff,0xff,0xc2,0x06,0x00,  //%@@@@@@@@@@+.
0x8b,0xff,0xff,0xff,0x10,0x95,0xd7,0xf1,0xc5,0x75,0x03,0x00,0x00,  //%@@@+%@@@*+..


/* c */
11,11,11,0,5,0,  //dsc : unicode = 0x0063
0x00,0x00,0x01,0x67,0xb8,0xe5,0xf3,0xd1,0x7d,0x0e,0x00,  //..+*%@@@*+.
0x00,0x10,0xc5,0xff,0xff,0xff,0xff,0xff,0xff,0xde,0x23,  //.+@@@@@@@@+
0x00,0x9d,0xff,0xff,0xff,0xff,0xfd,0xff,0xff,0xff,0xa1,  //.%@@@@@@@@%
0x26,0xff,0xff,0xff,0xce,0x23,0x0a,0x5e,0xe0,0x62,0x02,  //+@@@@++*@*+
0x58,0xff,0xff,0xff,0x3f,0x00,0x00,0x00,0x01,0x00,0x00,  //*@@@+...+..
0x7c,0xff,0xff,0xff,0x15,0x00,0x00,0x00,0x00,0x00,0x00,  //*@@@+......
0x5d,0xff,0xff,0xff,0x38,0x00,0x00,0x00,0x02,0x00,0x00,  //*@@@+...+..
0x2d,0xff,0xff,0xff,0xc2,0x12,0x01,0x4a,0xe2,0x69,0x03,  //+@@@@++*@*+
0x00,0xab,0xff,0xff,0xff,0xfb,0xf1,0xff,0xff,0xff,0xad,  //.%@@@@@@@@%
0x00,0x16,0xcf,0xff,0xff,0xff,0xff,0xff,0xff,0xe6,0x2d,  //.+@@@@@@@@+
0x00,0x00,0x04,0x71,0xbd,0xe9,0xf3,0xd4,0x84,0x14,0x00,  //..+*%@@@%+.


/* d */
13,13,15,0,5,0,  //dsc : unicode = 0x0064
0x00,0x00,0x00,0x00,0x00,0x00,0x00,0x00,0x47,0xff,0xff,0xff,0x47,  //........*@@@*
0x00,0x00,0x00,0x00,0x00,0x00,0x00,0x00,0x47,0xff,0xff,0xff,0x47,  //........*@@@*
0x00,0x00,0x00,0x00,0x00,0x00,0x00,0x00,0x47,0xff,0xff,0xff,0x47,  //........*@@@*
0x00,0x00,0x00,0x00,0x00,0x00,0x00,0x00,0x47,0xff,0xff,0xff,0x47,  //........*@@@*
0x00,0x00,0x12,0x95,0xd0,0xf2,0xc4,0x69,0x48,0xff,0xff,0xff,0x47,  //..+%@@@**@@@*
0x00,0x2a,0xe5,0xff,0xff,0xff,0xff,0xff,0xd0,0xff,0xff,0xff,0x47,  //.+@@@@@@@@@@*
0x00,0xc0,0xff,0xff,0xff,0xff,0xf1,0xff,0xff,0xff,0xff,0xff,0x47,  //.@@@@@@@@@@@*
0x35,0xff,0xff,0xff,0xd0,0x20,0x00,0x3b,0xee,0xff,0xff,0xff,0x47,  //+@@@@+.+@@@@*
0x61,0xff,0xff,0xff,0x41,0x00,0x00,0x00,0x7d,0xff,0xff,0xff,0x47,  //*@@@*...*@@@*
0x7d,0xff,0xff,0xff,0x15,0x00,0x00,0x00,0x52,0xff,0xff,0xff,0x47,  //*@@@+...*@@@*
0x5d,0xff,0xff,0xff,0x39,0x00,0x00,0x00,0x76,0xff,0xff,0xff,0x47,  //*@@@+...*@@@*
0x31,0xff,0xff,0xff,0xc2,0x10,0x00,0x26,0xe6,0xff,0xff,0xff,0x47,  //+@@@@+.+@@@@*
0x00,0xb8,0xff,0xff,0xff,0xf6,0xd9,0xfb,0xff,0xff,0xff,0xff,0x47,  //.%@@@@@@@@@@*
0x00,0x24,0xdf,0xff,0xff,0xff,0xff,0xff,0xd4,0xff,0xff,0xff,0x47,  //.+@@@@@@@@@@*
0x00,0x00,0x0f,0x90,0xce,0xf3,0xca,0x71,0x48,0xff,0xff,0xff,0x47,  //..+%@@@**@@@*


/* e */
12,12,11,0,5,0,  //dsc : unicode = 0x0065
0x00,0x00,0x02,0x69,0xb8,0xe4,0xed,0xbe,0x84,0x0b,0x00,0x00,  //..+*%@@%%+..
0x00,0x15,0xcd,0xff,0xff,0xff,0xff,0xff,0xff,0xda,0x2b,0x00,  //.+@@@@@@@@+.
0x00,0xb2,0xff,0xff,0xf9,0xb6,0xa2,0xec,0xff,0xff,0xc4,0x00,  //.%@@@%%@@@@.
0x34,0xff,0xff,0xff,0x5a,0x00,0x00,0x17,0xf8,0xff,0xff,0x43,  //+@@@*..+@@@*
0x68,0xff,0xff,0xff,0xe4,0xe3,0xe3,0xe3,0xfc,0xff,0xff,0x6e,  //*@@@@@@@@@@*
0x77,0xff,0xff,0xff,0xff,0xff,0xff,0xff,0xff,0xff,0xff,0x87,  //*@@@@@@@@@@%
0x4f,0xff,0xff,0xff,0x39,0x00,0x00,0x00,0x00,0x00,0x00,0x00,  //*@@@+.......
0x20,0xfd,0xff,0xff,0xc4,0x0b,0x00,0x02,0x8e,0x80,0x00,0x00,  //+@@@@+.+%%..
0x00,0x95,0xff,0xff,0xff,0xe7,0xb9,0xea,0xff,0xff,0x64,0x00,  //.%@@@@%@@@*.
0x00,0x0f,0xc3,0xff,0xff,0xff,0xff,0xff,0xff,0xf3,0x61,0x00,  //.+@@@@@@@@*.
0x00,0x00,0x01,0x67,0xb8,0xe3,0xf0,0xc3,0x94,0x22,0x00,0x00,  //..+*%@@@%+..


/* f */
10,10,16,0,5,0,  //dsc : unicode = 0x0066
0x00,0x00,0x00,0x00,0x00,0x00,0x00,0x00,0x00,0x00,  //..........
0x00,0x00,0x00,0x37,0xb5,0xe7,0xf4,0xd3,0x84,0x0d,  //...+%@@@%+
0x00,0x00,0x3c,0xfc,0xff,0xff,0xff,0xff,0xdb,0x03,  //..+@@@@@@+
0x00,0x00,0xc2,0xff,0xff,0xff,0xef,0xfe,0x61,0x00,  //..@@@@@@*.
0x00,0x00,0xf3,0xff,0xff,0xbb,0x02,0x1c,0x04,0x00,  //..@@@%+++.
0x2b,0x5b,0xff,0xff,0xff,0xb3,0x5b,0x56,0x00,0x00,  //+*@@@%**..
0x77,0xff,0xff,0xff,0xff,0xff,0xff,0xef,0x00,0x00,  //*@@@@@@@..
0x77,0xff,0xff,0xff,0xff,0xff,0xff,0xef,0x00,0x00,  //*@@@@@@@..
0x00,0x00,0xff,0xff,0xff,0x87,0x00,0x00,0x00,0x00,  //..@@@%....
0x00,0x00,0xff,0xff,0xff,0x87,0x00,0x00,0x00,0x00,  //..@@@%....
0x00,0x00,0xff,0xff,0xff,0x87,0x00,0x00,0x00,0x00,  //..@@@%....
0x00,0x00,0xff,0xff,0xff,0x87,0x00,0x00,0x00,0x00,  //..@@@%....
0x00,0x00,0xff,0xff,0xff,0x87,0x00,0x00,0x00,0x00,  //..@@@%....
0x00,0x00,0xff,0xff,0xff,0x87,0x00,0x00,0x00,0x00,  //..@@@%....
0x00,0x00,0xff,0xff,0xff,0x87,0x00,0x00,0x00,0x00,  //..@@@%....
0x00,0x00,0xff,0xff,0xff,0x87,0x00,0x00,0x00,0x00,  //..@@@%....


/* g */
12,12,15,0,1,0,  //dsc : unicode = 0x0067
0x00,0x00,0x2c,0xaf,0xe4,0xe5,0xad,0x24,0xd3,0xff,0xff,0xb7,  //..+%@@%+@@@%
0x00,0x45,0xf6,0xff,0xff,0xff,0xff,0xef,0xee,0xff,0xff,0xb7,  //.*@@@@@@@@@%
0x05,0xd9,0xff,0xff,0xff,0xcc,0xcd,0xff,0xff,0xff,0xff,0xb7,  //+@@@@@@@@@@%
0x43,0xff,0xff,0xff,0x6c,0x00,0x00,0x75,0xff,0xff,0xff,0xb7,  //*@@@*..*@@@%
0x6a,0xff,0xff,0xeb,0x01,0x00,0x00,0x04,0xf3,0xff,0xff,0xb7,  //*@@@+..+@@@%
0x7b,0xff,0xff,0xd6,0x00,0x00,0x00,0x00,0xde,0xff,0xff,0xb7,  //*@@@....@@@%
0x57,0xff,0xff,0xf7,0x11,0x00,0x00,0x15,0xfb,0xff,0xff,0xb7,  //*@@@+..+@@@%
0x24,0xfd,0xff,0xff,0xb0,0x1c,0x1d,0xb5,0xff,0xff,0xff,0xb7,  //+@@@%++%@@@%
0x00,0x9c,0xff,0xff,0xff,0xff,0xff,0xff,0xff,0xff,0xff,0xb7,  //.%@@@@@@@@@%
0x00,0x10,0xb2,0xff,0xff,0xff,0xff,0xb8,0xdf,0xff,0xff,0xb7,  //.+%@@@@%@@@%
0x00,0x00,0x00,0x46,0x7d,0x86,0x51,0x03,0xe1,0xff,0xff,0xa7,  //...**%*+@@@%
0x00,0x05,0x8a,0x2e,0x00,0x00,0x01,0x66,0xff,0xff,0xff,0x70,  //.+%+..+*@@@*
0x00,0x69,0xff,0xff,0xf1,0xd4,0xeb,0xff,0xff,0xff,0xeb,0x1c,  //.*@@@@@@@@@+
0x00,0xbc,0xff,0xff,0xff,0xff,0xff,0xff,0xff,0xee,0x40,0x00,  //.%@@@@@@@@*.
0x00,0x01,0x4d,0xa6,0xcd,0xf2,0xe7,0xc3,0x81,0x10,0x00,0x00,  //.+*%@@@@%+..


/* h */
13,12,15,1,5,0,  //dsc : unicode = 0x0068
0x8b,0xff,0xff,0xff,0x03,0x00,0x00,0x00,0x00,0x00,0x00,0x00,  //%@@@+.......
0x8b,0xff,0xff,0xff,0x03,0x00,0x00,0x00,0x00,0x00,0x00,0x00,  //%@@@+.......
0x8b,0xff,0xff,0xff,0x03,0x00,0x00,0x00,0x00,0x00,0x00,0x00,  //%@@@+.......
0x8b,0xff,0xff,0xff,0x03,0x00,0x00,0x00,0x00,0x00,0x00,0x00,  //%@@@+.......
0x8b,0xff,0xff,0xff,0x04,0x6b,0xbd,0xf1,0xd5,0x80,0x05,0x00,  //%@@@+*%@@%+.
0x8b,0xff,0xff,0xff,0x92,0xff,0xff,0xff,0xff,0xff,0xac,0x00,  //%@@@%@@@@@%.
0x8b,0xff,0xff,0xff,0xff,0xff,0xff,0xff,0xff,0xff,0xff,0x37,  //%@@@@@@@@@@+
0x8b,0xff,0xff,0xff,0xe1,0x57,0x42,0xc6,0xff,0xff,0xff,0x6b,  //%@@@@**@@@@*
0x8b,0xff,0xff,0xff,0x44,0x00,0x00,0x43,0xff,0xff,0xff,0x87,  //%@@@*..*@@@%
0x8b,0xff,0xff,0xff,0x0b,0x00,0x00,0x09,0xff,0xff,0xff,0x87,  //%@@@+..+@@@%
0x8b,0xff,0xff,0xff,0x03,0x00,0x00,0x07,0xff,0xff,0xff,0x87,  //%@@@+..+@@@%
0x8b,0xff,0xff,0xff,0x03,0x00,0x00,0x07,0xff,0xff,0xff,0x87,  //%@@@+..+@@@%
0x8b,0xff,0xff,0xff,0x03,0x00,0x00,0x07,0xff,0xff,0xff,0x87,  //%@@@+..+@@@%
0x8b,0xff,0xff,0xff,0x03,0x00,0x00,0x07,0xff,0xff,0xff,0x87,  //%@@@+..+@@@%
0x8b,0xff,0xff,0xff,0x03,0x00,0x00,0x07,0xff,0xff,0xff,0x87,  //%@@@+..+@@@%


/* i */
5,4,16,1,5,0,  //dsc : unicode = 0x0069
0x12,0xbe,0xd8,0x3b,  //+%@+
0x61,0xff,0xff,0xa5,  //*@@%
0x27,0xf6,0xfe,0x62,  //+@@*
0x00,0x0f,0x1f,0x00,  //.++.
0x00,0x00,0x00,0x00,  //....
0xa3,0xff,0xff,0xe3,  //%@@@
0xa3,0xff,0xff,0xe3,  //%@@@
0xa3,0xff,0xff,0xe3,  //%@@@
0xa3,0xff,0xff,0xe3,  //%@@@
0xa3,0xff,0xff,0xe3,  //%@@@
0xa3,0xff,0xff,0xe3,  //%@@@
0xa3,0xff,0xff,0xe3,  //%@@@
0xa3,0xff,0xff,0xe3,  //%@@@
0xa3,0xff,0xff,0xe3,  //%@@@
0xa3,0xff,0xff,0xe3,  //%@@@
0xa3,0xff,0xff,0xe3,  //%@@@


/* j */
6,8,21,-2,0,0,  //dsc : unicode = 0x006a
0x00,0x00,0x00,0x3a,0xda,0xf0,0x7a,0x00,  //...+@@*.
0x00,0x00,0x00,0xc2,0xff,0xff,0xff,0x17,  //...@@@@+
0x00,0x00,0x00,0xb4,0xff,0xff,0xf8,0x0f,  //...%@@@+
0x00,0x00,0x00,0x20,0xab,0xc0,0x50,0x00,  //...+%@*.
0x00,0x00,0x00,0x00,0x00,0x00,0x00,0x00,  //........
0x00,0x00,0x00,0x9b,0xff,0xff,0xf3,0x00,  //...%@@@.
0x00,0x00,0x00,0x9b,0xff,0xff,0xf3,0x00,  //...%@@@.
0x00,0x00,0x00,0x9b,0xff,0xff,0xf3,0x00,  //...%@@@.
0x00,0x00,0x00,0x9b,0xff,0xff,0xf3,0x00,  //...%@@@.
0x00,0x00,0x00,0x9b,0xff,0xff,0xf3,0x00,  //...%@@@.
0x00,0x00,0x00,0x9b,0xff,0xff,0xf3,0x00,  //...%@@@.
0x00,0x00,0x00,0x9b,0xff,0xff,0xf3,0x00,  //...%@@@.
0x00,0x00,0x00,0x9b,0xff,0xff,0xf3,0x00,  //...%@@@.
0x00,0x00,0x00,0x9b,0xff,0xff,0xf3,0x00,  //...%@@@.
0x00,0x00,0x00,0x9b,0xff,0xff,0xf3,0x00,  //...%@@@.
0x00,0x00,0x00,0x9c,0xff,0xff,0xf3,0x00,  //...%@@@.
0x00,0x14,0x02,0xc8,0xff,0xff,0xe6,0x00,  //.++@@@@.
0x1c,0xfc,0xeb,0xff,0xff,0xff,0xb7,0x00,  //+@@@@@%.
0x75,0xff,0xff,0xff,0xff,0xfb,0x38,0x00,  //*@@@@@+.
0x56,0xc9,0xf1,0xed,0xbd,0x3c,0x00,0x00,  //*@@@%+..
0x00,0x00,0x00,0x00,0x00,0x00,0x00,0x00,  //........


/* k */
13,12,15,1,5,0,  //dsc : unicode = 0x006b
0x8b,0xff,0xff,0xff,0x03,0x00,0x00,0x00,0x00,0x00,0x00,0x00,  //%@@@+.......
0x8b,0xff,0xff,0xff,0x03,0x00,0x00,0x00,0x00,0x00,0x00,0x00,  //%@@@+.......
0x8b,0xff,0xff,0xff,0x03,0x00,0x00,0x00,0x00,0x00,0x00,0x00,  //%@@@+.......
0x8b,0xff,0xff,0xff,0x03,0x00,0x00,0x00,0x00,0x00,0x00,0x00,  //%@@@+.......
0x8b,0xff,0xff,0xff,0x03,0x00,0x1d,0xe1,0xff,0xff,0xe7,0x24,  //%@@@+.+@@@@+
0x8b,0xff,0xff,0xff,0x03,0x14,0xd7,0xff,0xff,0xee,0x2d,0x00,  //%@@@++@@@@+.
0x8b,0xff,0xff,0xff,0x12,0xcc,0xff,0xff,0xf4,0x39,0x00,0x00,  //%@@@+@@@@+..
0x8b,0xff,0xff,0xff,0xc2,0xff,0xff,0xf9,0x45,0x00,0x00,0x00,  //%@@@@@@@*...
0x8b,0xff,0xff,0xff,0xff,0xff,0xff,0xbe,0x00,0x00,0x00,0x00,  //%@@@@@@%....
0x8b,0xff,0xff,0xff,0xff,0xff,0xff,0xff,0x4b,0x00,0x00,0x00,  //%@@@@@@@*...
0x8b,0xff,0xff,0xff,0xff,0xfc,0xff,0xff,0xdc,0x08,0x00,0x00,  //%@@@@@@@@+..
0x8b,0xff,0xff,0xff,0x7f,0x8a,0xff,0xff,0xff,0x7e,0x00,0x00,  //%@@@*%@@@*..
0x8b,0xff,0xff,0xff,0x04,0x10,0xed,0xff,0xff,0xf6,0x20,0x00,  //%@@@++@@@@+.
0x8b,0xff,0xff,0xff,0x03,0x00,0x70,0xff,0xff,0xff,0xb1,0x00,  //%@@@+.*@@@%.
0x8b,0xff,0xff,0xff,0x03,0x00,0x06,0xdc,0xff,0xff,0xff,0x4a,  //%@@@+.+@@@@*


/* l */
6,5,15,1,5,0,  //dsc : unicode = 0x006c
0x8b,0xff,0xff,0xff,0x03,  //%@@@+
0x8b,0xff,0xff,0xff,0x03,  //%@@@+
0x8b,0xff,0xff,0xff,0x03,  //%@@@+
0x8b,0xff,0xff,0xff,0x03,  //%@@@+
0x8b,0xff,0xff,0xff,0x03,  //%@@@+
0x8b,0xff,0xff,0xff,0x03,  //%@@@+
0x8b,0xff,0xff,0xff,0x03,  //%@@@+
0x8b,0xff,0xff,0xff,0x03,  //%@@@+
0x8b,0xff,0xff,0xff,0x03,  //%@@@+
0x8b,0xff,0xff,0xff,0x03,  //%@@@+
0x8b,0xff,0xff,0xff,0x03,  //%@@@+
0x8b,0xff,0xff,0xff,0x03,  //%@@@+
0x8b,0xff,0xff,0xff,0x03,  //%@@@+
0x8b,0xff,0xff,0xff,0x03,  //%@@@+
0x8b,0xff,0xff,0xff,0x03,  //%@@@+


/* m */
20,19,11,1,5,0,  //dsc : unicode = 0x006d
0xa3,0xff,0xff,0xe3,0x03,0x7f,0xc7,0xf4,0xd4,0x67,0x00,0x00,0x53,0xc9,0xf4,0xde,0x97,0x0f,0x00,  //%@@@+*@@@*..*@@@%+.
0xa3,0xff,0xff,0xe7,0xa9,0xff,0xff,0xff,0xff,0xff,0x79,0x64,0xff,0xff,0xff,0xff,0xff,0xd0,0x03,  //%@@@%@@@@@**@@@@@@+
0xa3,0xff,0xff,0xff,0xff,0xff,0xff,0xff,0xff,0xff,0xf5,0xf0,0xff,0xff,0xff,0xff,0xff,0xff,0x5c,  //%@@@@@@@@@@@@@@@@@*
0xa3,0xff,0xff,0xff,0xcf,0x4a,0x50,0xe4,0xff,0xff,0xff,0xf8,0x70,0x3d,0xab,0xff,0xff,0xff,0x90,  //%@@@@**@@@@@*+%@@@%
0xa3,0xff,0xff,0xff,0x21,0x00,0x00,0x7d,0xff,0xff,0xff,0x8a,0x00,0x00,0x1e,0xff,0xff,0xff,0xab,  //%@@@+..*@@@%..+@@@%
0xa3,0xff,0xff,0xe9,0x00,0x00,0x00,0x45,0xff,0xff,0xff,0x53,0x00,0x00,0x00,0xe5,0xff,0xff,0xab,  //%@@@...*@@@*...@@@%
0xa3,0xff,0xff,0xe3,0x00,0x00,0x00,0x43,0xff,0xff,0xff,0x4b,0x00,0x00,0x00,0xe3,0xff,0xff,0xab,  //%@@@...*@@@*...@@@%
0xa3,0xff,0xff,0xe3,0x00,0x00,0x00,0x43,0xff,0xff,0xff,0x4b,0x00,0x00,0x00,0xe3,0xff,0xff,0xab,  //%@@@...*@@@*...@@@%
0xa3,0xff,0xff,0xe3,0x00,0x00,0x00,0x43,0xff,0xff,0xff,0x4b,0x00,0x00,0x00,0xe3,0xff,0xff,0xab,  //%@@@...*@@@*...@@@%
0xa3,0xff,0xff,0xe3,0x00,0x00,0x00,0x43,0xff,0xff,0xff,0x4b,0x00,0x00,0x00,0xe3,0xff,0xff,0xab,  //%@@@...*@@@*...@@@%
0xa3,0xff,0xff,0xe3,0x00,0x00,0x00,0x43,0xff,0xff,0xff,0x4b,0x00,0x00,0x00,0xe3,0xff,0xff,0xab,  //%@@@...*@@@*...@@@%


/* n */
13,12,11,1,5,0,  //dsc : unicode = 0x006e
0xa3,0xff,0xff,0xe7,0x02,0x7a,0xc3,0xf2,0xd0,0x6f,0x02,0x00,  //%@@@+*@@@*+.
0xa3,0xff,0xff,0xeb,0xa6,0xff,0xff,0xff,0xff,0xff,0x90,0x00,  //%@@@%@@@@@%.
0xa3,0xff,0xff,0xff,0xff,0xff,0xff,0xff,0xff,0xff,0xfc,0x1e,  //%@@@@@@@@@@+
0xa3,0xff,0xff,0xff,0xd2,0x4c,0x49,0xd6,0xff,0xff,0xff,0x4f,  //%@@@@**@@@@*
0xa3,0xff,0xff,0xff,0x37,0x00,0x00,0x5c,0xff,0xff,0xff,0x6b,  //%@@@+..*@@@*
0xa3,0xff,0xff,0xe9,0x00,0x00,0x00,0x21,0xff,0xff,0xff,0x6b,  //%@@@...+@@@*
0xa3,0xff,0xff,0xe7,0x00,0x00,0x00,0x1f,0xff,0xff,0xff,0x6b,  //%@@@...+@@@*
0xa3,0xff,0xff,0xe7,0x00,0x00,0x00,0x1f,0xff,0xff,0xff,0x6b,  //%@@@...+@@@*
0xa3,0xff,0xff,0xe7,0x00,0x00,0x00,0x1f,0xff,0xff,0xff,0x6b,  //%@@@...+@@@*
0xa3,0xff,0xff,0xe7,0x00,0x00,0x00,0x1f,0xff,0xff,0xff,0x6b,  //%@@@...+@@@*
0xa3,0xff,0xff,0xe7,0x00,0x00,0x00,0x1f,0xff,0xff,0xff,0x6b,  //%@@@...+@@@*


/* o */
13,13,11,0,5,0,  //dsc : unicode = 0x006f
0x00,0x00,0x00,0x54,0xb0,0xda,0xf4,0xcf,0xa4,0x31,0x00,0x00,0x00,  //...*%@@@%+...
0x00,0x0b,0xba,0xff,0xff,0xff,0xff,0xff,0xff,0xfd,0x8a,0x00,0x00,  //.+%@@@@@@@%..
0x00,0x97,0xff,0xff,0xff,0xff,0xf1,0xff,0xff,0xff,0xff,0x59,0x00,  //.%@@@@@@@@@*.
0x24,0xff,0xff,0xff,0xce,0x1e,0x00,0x3b,0xed,0xff,0xff,0xe6,0x00,  //+@@@@+.+@@@@.
0x57,0xff,0xff,0xff,0x3f,0x00,0x00,0x00,0x7c,0xff,0xff,0xff,0x1a,  //*@@@+...*@@@+
0x7c,0xff,0xff,0xff,0x15,0x00,0x00,0x00,0x52,0xff,0xff,0xff,0x3f,  //*@@@+...*@@@+
0x58,0xff,0xff,0xff,0x39,0x00,0x00,0x00,0x76,0xff,0xff,0xff,0x1a,  //*@@@+...*@@@+
0x25,0xff,0xff,0xff,0xc1,0x0f,0x00,0x27,0xe6,0xff,0xff,0xe7,0x00,  //+@@@@+.+@@@@.
0x00,0x99,0xff,0xff,0xff,0xf5,0xd9,0xfb,0xff,0xff,0xff,0x5b,0x00,  //.%@@@@@@@@@*.
0x00,0x0c,0xbc,0xff,0xff,0xff,0xff,0xff,0xff,0xfd,0x8c,0x00,0x00,  //.+%@@@@@@@%..
0x00,0x00,0x00,0x57,0xb3,0xdc,0xf5,0xd2,0xa6,0x33,0x00,0x00,0x00,  //...*%@@@%+...


/* p */
14,13,15,1,1,0,  //dsc : unicode = 0x0070
0x8b,0xff,0xff,0xff,0x10,0x94,0xd8,0xee,0xbd,0x67,0x00,0x00,0x00,  //%@@@+%@@%*...
0x8b,0xff,0xff,0xff,0xd4,0xff,0xff,0xff,0xff,0xff,0xb3,0x03,0x00,  //%@@@@@@@@@%+.
0x8b,0xff,0xff,0xff,0xff,0xf6,0xdf,0xfe,0xff,0xff,0xff,0x6a,0x00,  //%@@@@@@@@@@*.
0x8b,0xff,0xff,0xff,0xbd,0x0e,0x00,0x33,0xf0,0xff,0xff,0xe4,0x00,  //%@@@%+.+@@@@.
0x8b,0xff,0xff,0xff,0x31,0x00,0x00,0x00,0x87,0xff,0xff,0xff,0x12,  //%@@@+...%@@@+
0x8b,0xff,0xff,0xff,0x0d,0x00,0x00,0x00,0x62,0xff,0xff,0xff,0x31,  //%@@@+...*@@@+
0x8b,0xff,0xff,0xff,0x35,0x00,0x00,0x00,0x8b,0xff,0xff,0xff,0x13,  //%@@@+...%@@@+
0x8b,0xff,0xff,0xff,0xc5,0x15,0x00,0x3f,0xf3,0xff,0xff,0xe8,0x00,  //%@@@@+.+@@@@.
0x8b,0xff,0xff,0xff,0xff,0xfd,0xee,0xff,0xff,0xff,0xff,0x74,0x00,  //%@@@@@@@@@@*.
0x8b,0xff,0xff,0xff,0xd6,0xff,0xff,0xff,0xff,0xff,0xc0,0x06,0x00,  //%@@@@@@@@@@+.
0x8b,0xff,0xff,0xff,0x10,0x95,0xd7,0xf1,0xc4,0x74,0x02,0x00,0x00,  //%@@@+%@@@*+..
0x8b,0xff,0xff,0xff,0x03,0x00,0x00,0x00,0x00,0x00,0x00,0x00,0x00,  //%@@@+........
0x8b,0xff,0xff,0xff,0x03,0x00,0x00,0x00,0x00,0x00,0x00,0x00,0x00,  //%@@@+........
0x8b,0xff,0xff,0xff,0x03,0x00,0x00,0x00,0x00,0x00,0x00,0x00,0x00,  //%@@@+........
0x8b,0xff,0xff,0xff,0x03,0x00,0x00,0x00,0x00,0x00,0x00,0x00,0x00,  //%@@@+........


/* q */
13,13,15,0,1,0,  //dsc : unicode = 0x0071
0x00,0x00,0x12,0x95,0xd0,0xf2,0xc4,0x69,0x48,0xff,0xff,0xff,0x47,  //..+%@@@**@@@*
0x00,0x2a,0xe5,0xff,0xff,0xff,0xff,0xff,0xd0,0xff,0xff,0xff,0x47,  //.+@@@@@@@@@@*
0x00,0xc0,0xff,0xff,0xff,0xff,0xf1,0xff,0xff,0xff,0xff,0xff,0x47,  //.@@@@@@@@@@@*
0x35,0xff,0xff,0xff,0xcf,0x1f,0x00,0x3b,0xee,0xff,0xff,0xff,0x47,  //+@@@@+.+@@@@*
0x61,0xff,0xff,0xff,0x3e,0x00,0x00,0x00,0x7d,0xff,0xff,0xff,0x47,  //*@@@+...*@@@*
0x7d,0xff,0xff,0xff,0x15,0x00,0x00,0x00,0x52,0xff,0xff,0xff,0x47,  //*@@@+...*@@@*
0x5d,0xff,0xff,0xff,0x3c,0x00,0x00,0x00,0x77,0xff,0xff,0xff,0x47,  //*@@@+...*@@@*
0x31,0xff,0xff,0xff,0xc5,0x11,0x00,0x28,0xe7,0xff,0xff,0xff,0x47,  //+@@@@+.+@@@@*
0x00,0xb8,0xff,0xff,0xff,0xf6,0xd9,0xfc,0xff,0xff,0xff,0xff,0x47,  //.%@@@@@@@@@@*
0x00,0x24,0xdf,0xff,0xff,0xff,0xff,0xff,0xd4,0xff,0xff,0xff,0x47,  //.+@@@@@@@@@@*
0x00,0x00,0x0f,0x90,0xce,0xf3,0xca,0x71,0x48,0xff,0xff,0xff,0x47,  //..+%@@@**@@@*
0x00,0x00,0x00,0x00,0x00,0x00,0x00,0x00,0x47,0xff,0xff,0xff,0x47,  //........*@@@*
0x00,0x00,0x00,0x00,0x00,0x00,0x00,0x00,0x47,0xff,0xff,0xff,0x47,  //........*@@@*
0x00,0x00,0x00,0x00,0x00,0x00,0x00,0x00,0x47,0xff,0xff,0xff,0x47,  //........*@@@*
0x00,0x00,0x00,0x00,0x00,0x00,0x00,0x00,0x47,0xff,0xff,0xff,0x47,  //........*@@@*


/* r */
9,8,11,1,5,0,  //dsc : unicode = 0x0072
0xa3,0xff,0xff,0xe7,0x02,0x81,0xe0,0x61,  //%@@@+%@*
0xa3,0xff,0xff,0xea,0xa0,0xff,0xff,0x63,  //%@@@%@@*
0xa3,0xff,0xff,0xff,0xff,0xff,0xff,0x63,  //%@@@@@@*
0xa3,0xff,0xff,0xff,0xec,0x6e,0x34,0x11,  //%@@@@*++
0xa3,0xff,0xff,0xff,0x40,0x00,0x00,0x00,  //%@@@*...
0xa3,0xff,0xff,0xed,0x00,0x00,0x00,0x00,  //%@@@....
0xa3,0xff,0xff,0xe7,0x00,0x00,0x00,0x00,  //%@@@....
0xa3,0xff,0xff,0xe7,0x00,0x00,0x00,0x00,  //%@@@....
0xa3,0xff,0xff,0xe7,0x00,0x00,0x00,0x00,  //%@@@....
0xa3,0xff,0xff,0xe7,0x00,0x00,0x00,0x00,  //%@@@....
0xa3,0xff,0xff,0xe7,0x00,0x00,0x00,0x00,  //%@@@....


/* s */
10,10,11,0,5,0,  //dsc : unicode = 0x0073
0x00,0x00,0x48,0xb9,0xe5,0xf4,0xd2,0xa9,0x47,0x01,  //..*%@@@%*+
0x00,0x68,0xff,0xff,0xff,0xff,0xff,0xff,0xff,0x8e,  //.*@@@@@@@%
0x02,0xf0,0xff,0xff,0xb6,0x8e,0xbe,0xfd,0xfb,0x26,  //+@@@%%%@@+
0x1e,0xff,0xff,0xff,0x6d,0x02,0x00,0x1f,0x56,0x00,  //+@@@*+.+*.
0x03,0xec,0xff,0xff,0xff,0xec,0xa2,0x37,0x00,0x00,  //+@@@@@%+..
0x00,0x46,0xe4,0xff,0xff,0xff,0xff,0xff,0xb1,0x0c,  //.*@@@@@@%+
0x00,0x00,0x08,0x6d,0xc5,0xfd,0xff,0xff,0xff,0x87,  //..+*@@@@@%
0x00,0x87,0x43,0x00,0x00,0x1b,0xd0,0xff,0xff,0xb9,  //.%*..+@@@%
0x35,0xff,0xff,0xd5,0xa2,0x8e,0xee,0xff,0xff,0x8d,  //+@@@%%@@@%
0x63,0xf7,0xff,0xff,0xff,0xff,0xff,0xff,0xe4,0x1d,  //*@@@@@@@@+
0x00,0x1b,0x8d,0xc1,0xe6,0xf5,0xd6,0x8c,0x1a,0x00,  //.+%@@@@%+.


/* t */
9,9,15,0,4,0,  //dsc : unicode = 0x0074
0x00,0x0c,0x5b,0x5b,0x5b,0x23,0x00,0x00,0x00,  //.+***+...
0x00,0x23,0xff,0xff,0xff,0x63,0x00,0x00,0x00,  //.+@@@*...
0x00,0x23,0xff,0xff,0xff,0x63,0x00,0x00,0x00,  //.+@@@*...
0x3a,0x73,0xff,0xff,0xff,0x9c,0x5b,0x5b,0x11,  //+*@@@%**+
0xa3,0xff,0xff,0xff,0xff,0xff,0xff,0xff,0x2f,  //%@@@@@@@+
0xa3,0xff,0xff,0xff,0xff,0xff,0xff,0xff,0x2f,  //%@@@@@@@+
0x00,0x23,0xff,0xff,0xff,0x63,0x00,0x00,0x00,  //.+@@@*...
0x00,0x23,0xff,0xff,0xff,0x63,0x00,0x00,0x00,  //.+@@@*...
0x00,0x23,0xff,0xff,0xff,0x63,0x00,0x00,0x00,  //.+@@@*...
0x00,0x23,0xff,0xff,0xff,0x63,0x00,0x00,0x00,  //.+@@@*...
0x00,0x1f,0xff,0xff,0xff,0x8e,0x00,0x18,0x00,  //.+@@@%.+.
0x00,0x02,0xf6,0xff,0xff,0xff,0xf2,0xe8,0x00,  //.+@@@@@@.
0x00,0x00,0x8e,0xff,0xff,0xff,0xff,0xff,0x2d,  //..%@@@@@+
0x00,0x00,0x06,0x7d,0xdc,0xf8,0xe1,0xa2,0x21,  //..+*@@@%+
0x00,0x00,0x00,0x00,0x00,0x00,0x00,0x00,0x00,  //.........


/* u */
12,11,11,1,5,0,  //dsc : unicode = 0x0075
0xf7,0xff,0xff,0x97,0x00,0x00,0x00,0xa3,0xff,0xff,0xeb,  //@@@%...%@@@
0xf7,0xff,0xff,0x97,0x00,0x00,0x00,0xa3,0xff,0xff,0xeb,  //@@@%...%@@@
0xf7,0xff,0xff,0x97,0x00,0x00,0x00,0xa3,0xff,0xff,0xeb,  //@@@%...%@@@
0xf7,0xff,0xff,0x97,0x00,0x00,0x00,0xa3,0xff,0xff,0xeb,  //@@@%...%@@@
0xf7,0xff,0xff,0x97,0x00,0x00,0x00,0xa3,0xff,0xff,0xeb,  //@@@%...%@@@
0xf7,0xff,0xff,0x98,0x00,0x00,0x00,0xa9,0xff,0xff,0xeb,  //@@@%...%@@@
0xf7,0xff,0xff,0xc2,0x00,0x00,0x00,0xd5,0xff,0xff,0xeb,  //@@@@...@@@@
0xe2,0xff,0xff,0xfd,0x4a,0x17,0x82,0xff,0xff,0xff,0xeb,  //@@@@*+%@@@@
0xb0,0xff,0xff,0xff,0xff,0xff,0xff,0xff,0xff,0xff,0xeb,  //%@@@@@@@@@@
0x2e,0xfa,0xff,0xff,0xff,0xff,0xd8,0xbc,0xff,0xff,0xeb,  //+@@@@@@%@@@
0x00,0x33,0xbb,0xed,0xda,0x9c,0x18,0xa3,0xff,0xff,0xeb,  //.+%@@%+%@@@


/* v */
12,13,11,-1,5,0,  //dsc : unicode = 0x0076
0x04,0xe8,0xff,0xff,0xb1,0x00,0x00,0x00,0x12,0xfc,0xff,0xff,0x78,  //+@@@%...+@@@*
0x00,0x8e,0xff,0xff,0xf4,0x07,0x00,0x00,0x5a,0xff,0xff,0xfd,0x1c,  //.%@@@+..*@@@+
0x00,0x30,0xff,0xff,0xff,0x48,0x00,0x00,0xa6,0xff,0xff,0xba,0x00,  //.+@@@*..%@@%.
0x00,0x00,0xd3,0xff,0xff,0x94,0x00,0x04,0xef,0xff,0xff,0x5c,0x00,  //..@@@%.+@@@*.
0x00,0x00,0x74,0xff,0xff,0xe0,0x00,0x3f,0xff,0xff,0xf3,0x0a,0x00,  //..*@@@.+@@@+.
0x00,0x00,0x19,0xfc,0xff,0xff,0x2b,0x8b,0xff,0xff,0x9f,0x00,0x00,  //..+@@@+%@@%..
0x00,0x00,0x00,0xb7,0xff,0xff,0x77,0xd7,0xff,0xff,0x40,0x00,0x00,  //...%@@*@@@*..
0x00,0x00,0x00,0x59,0xff,0xff,0xdf,0xff,0xff,0xe0,0x01,0x00,0x00,  //...*@@@@@@+..
0x00,0x00,0x00,0x09,0xf2,0xff,0xff,0xff,0xff,0x83,0x00,0x00,0x00,  //...+@@@@@%...
0x00,0x00,0x00,0x00,0x9d,0xff,0xff,0xff,0xff,0x26,0x00,0x00,0x00,  //....%@@@@+...
0x00,0x00,0x00,0x00,0x3f,0xff,0xff,0xff,0xc6,0x00,0x00,0x00,0x00,  //....+@@@@....


/* w */
19,20,11,-1,5,0,  //dsc : unicode = 0x0077
0x04,0xea,0xff,0xff,0xa8,0x00,0x00,0x00,0x58,0xff,0xff,0xff,0x54,0x00,0x00,0x00,0xa5,0xff,0xff,0xc9,  //+@@@%...*@@@*...%@@@
0x00,0x92,0xff,0xff,0xee,0x03,0x00,0x00,0xa1,0xff,0xff,0xff,0x9d,0x00,0x00,0x02,0xec,0xff,0xff,0x6d,  //.%@@@+..%@@@%..+@@@*
0x00,0x37,0xff,0xff,0xff,0x3b,0x00,0x01,0xe8,0xff,0xff,0xff,0xe5,0x00,0x00,0x39,0xff,0xff,0xfb,0x16,  //.+@@@+.+@@@@@..+@@@+
0x00,0x00,0xdb,0xff,0xff,0x84,0x00,0x32,0xff,0xff,0xff,0xff,0xff,0x2f,0x00,0x83,0xff,0xff,0xb5,0x00,  //..@@@%.+@@@@@+.%@@%.
0x00,0x00,0x7f,0xff,0xff,0xce,0x00,0x7a,0xff,0xff,0xd0,0xff,0xff,0x78,0x00,0xcd,0xff,0xff,0x59,0x00,  //..*@@@.*@@@@@*.@@@*.
0x00,0x00,0x24,0xff,0xff,0xfe,0x19,0xc3,0xff,0xfb,0x3d,0xff,0xff,0xc1,0x19,0xfe,0xff,0xf3,0x0a,0x00,  //..+@@@+@@@+@@@+@@@+.
0x00,0x00,0x00,0xc8,0xff,0xff,0x71,0xfb,0xff,0xbc,0x00,0xde,0xff,0xfb,0x71,0xff,0xff,0xa1,0x00,0x00,  //...@@@*@@%.@@@*@@%..
0x00,0x00,0x00,0x6c,0xff,0xff,0xed,0xff,0xff,0x6d,0x00,0x90,0xff,0xff,0xed,0xff,0xff,0x45,0x00,0x00,  //...*@@@@@*.%@@@@@*..
0x00,0x00,0x00,0x15,0xfb,0xff,0xff,0xff,0xff,0x20,0x00,0x42,0xff,0xff,0xff,0xff,0xe6,0x03,0x00,0x00,  //...+@@@@@+.*@@@@@+..
0x00,0x00,0x00,0x00,0xb5,0xff,0xff,0xff,0xd0,0x00,0x00,0x05,0xef,0xff,0xff,0xff,0x8d,0x00,0x00,0x00,  //....%@@@@..+@@@@%...
0x00,0x00,0x00,0x00,0x59,0xff,0xff,0xff,0x82,0x00,0x00,0x00,0xa6,0xff,0xff,0xff,0x31,0x00,0x00,0x00,  //....*@@@%...%@@@+...


/* x */
13,13,11,0,5,0,  //dsc : unicode = 0x0078
0x62,0xff,0xff,0xff,0xa7,0x00,0x00,0x4e,0xff,0xff,0xff,0x92,0x00,  //*@@@%..*@@@%.
0x00,0xbe,0xff,0xff,0xfe,0x37,0x0a,0xe0,0xff,0xff,0xe2,0x0d,0x00,  //.%@@@++@@@@+.
0x00,0x24,0xf6,0xff,0xff,0xc5,0x88,0xff,0xff,0xff,0x4c,0x00,0x00,  //.+@@@@%@@@*..
0x00,0x00,0x77,0xff,0xff,0xff,0xfe,0xff,0xff,0xa9,0x00,0x00,0x00,  //..*@@@@@@%...
0x00,0x00,0x04,0xcf,0xff,0xff,0xff,0xff,0xee,0x17,0x00,0x00,0x00,  //..+@@@@@@+...
0x00,0x00,0x00,0x70,0xff,0xff,0xff,0xff,0xa3,0x00,0x00,0x00,0x00,  //...*@@@@%....
0x00,0x00,0x15,0xeb,0xff,0xff,0xff,0xff,0xfc,0x36,0x00,0x00,0x00,  //..+@@@@@@+...
0x00,0x00,0xa8,0xff,0xff,0xfd,0xf0,0xff,0xff,0xd4,0x06,0x00,0x00,  //..%@@@@@@@+..
0x00,0x50,0xff,0xff,0xff,0x90,0x68,0xff,0xff,0xff,0x81,0x00,0x00,  //.*@@@%*@@@%..
0x11,0xe7,0xff,0xff,0xe1,0x0c,0x03,0xd2,0xff,0xff,0xfa,0x2e,0x00,  //+@@@@++@@@@+.
0xa0,0xff,0xff,0xff,0x49,0x00,0x00,0x42,0xff,0xff,0xff,0xcb,0x03,  //%@@@*..*@@@@+


/* y */
12,13,15,-1,1,0,  //dsc : unicode = 0x0079
0x13,0xf7,0xff,0xff,0x96,0x00,0x00,0x00,0x00,0xdd,0xff,0xff,0xa2,  //+@@@%....@@@%
0x00,0x9f,0xff,0xff,0xed,0x06,0x00,0x00,0x30,0xff,0xff,0xff,0x3f,  //.%@@@+..+@@@+
0x00,0x34,0xff,0xff,0xff,0x50,0x00,0x00,0x82,0xff,0xff,0xdb,0x01,  //.+@@@*..%@@@+
0x00,0x00,0xc8,0xff,0xff,0xad,0x00,0x00,0xd5,0xff,0xff,0x79,0x00,  //..@@@%..@@@*.
0x00,0x00,0x5c,0xff,0xff,0xf8,0x11,0x27,0xff,0xff,0xfc,0x1a,0x00,  //..*@@@++@@@+.
0x00,0x00,0x07,0xea,0xff,0xff,0x67,0x7a,0xff,0xff,0xb4,0x00,0x00,  //..+@@@**@@%..
0x00,0x00,0x00,0x86,0xff,0xff,0xc5,0xcc,0xff,0xff,0x51,0x00,0x00,  //...%@@@@@@*..
0x00,0x00,0x00,0x1e,0xfc,0xff,0xff,0xff,0xff,0xe9,0x05,0x00,0x00,  //...+@@@@@@+..
0x00,0x00,0x00,0x00,0xaf,0xff,0xff,0xff,0xff,0x8c,0x00,0x00,0x00,  //....%@@@@%...
0x00,0x00,0x00,0x00,0x43,0xff,0xff,0xff,0xff,0x29,0x00,0x00,0x00,  //....*@@@@+...
0x00,0x00,0x00,0x00,0x00,0xe3,0xff,0xff,0xc6,0x00,0x00,0x00,0x00,  //.....@@@@....
0x00,0x02,0x57,0x08,0x55,0xfe,0xff,0xff,0x63,0x00,0x00,0x00,0x00,  //.+*+*@@@*....
0x00,0x69,0xff,0xfe,0xff,0xff,0xff,0xe4,0x09,0x00,0x00,0x00,0x00,  //.*@@@@@@+....
0x11,0xee,0xff,0xff,0xff,0xff,0xfb,0x4d,0x00,0x00,0x00,0x00,0x00,  //+@@@@@@*.....
0x00,0x4e,0xc0,0xed,0xee,0xbb,0x3f,0x00,0x00,0x00,0x00,0x00,0x00,  //.*@@@%+......


/* z */
11,11,11,0,5,0,  //dsc : unicode = 0x007a
0x23,0xfe,0xfe,0xfd,0xfc,0xfb,0xfa,0xf9,0xf8,0xf8,0x51,  //+@@@@@@@@@*
0x23,0xff,0xff,0xff,0xff,0xff,0xff,0xff,0xff,0xff,0x53,  //+@@@@@@@@@*
0x1a,0xbf,0xbf,0xbf,0xbf,0xce,0xff,0xff,0xff,0xeb,0x1f,  //+%%%%@@@@@+
0x00,0x00,0x00,0x00,0x05,0xbe,0xff,0xff,0xf9,0x3c,0x00,  //....+%@@@+.
0x00,0x00,0x00,0x00,0x9e,0xff,0xff,0xff,0x5d,0x00,0x00,  //....%@@@*..
0x00,0x00,0x00,0x79,0xff,0xff,0xff,0x81,0x00,0x00,0x00,  //...*@@@%...
0x00,0x00,0x55,0xfe,0xff,0xff,0xa7,0x01,0x00,0x00,0x00,  //..*@@@%+...
0x00,0x37,0xf6,0xff,0xff,0xc6,0x08,0x00,0x00,0x00,0x00,  //.+@@@@+....
0x1d,0xe8,0xff,0xff,0xff,0xca,0xb7,0xb7,0xb7,0xb7,0x61,  //+@@@@@%%%%*
0x53,0xff,0xff,0xff,0xff,0xff,0xff,0xff,0xff,0xff,0x87,  //*@@@@@@@@@%
0x53,0xff,0xff,0xff,0xff,0xff,0xff,0xff,0xff,0xff,0x87,  //*@@@@@@@@@%


/* { */
7,7,18,0,2,0,  //dsc : unicode = 0x007b
0x00,0x00,0x25,0xaf,0xe7,0xfc,0xdf,  //..+%@@@
0x00,0x00,0xc5,0xff,0xff,0xff,0xdf,  //..@@@@@
0x00,0x02,0xf9,0xff,0xff,0xef,0xa2,  //.+@@@@%
0x00,0x07,0xff,0xff,0xff,0x4e,0x00,  //.+@@@*.
0x00,0x07,0xff,0xff,0xff,0x23,0x00,  //.+@@@+.
0x00,0x07,0xff,0xff,0xff,0x23,0x00,  //.+@@@+.
0x00,0x13,0xff,0xff,0xff,0x1b,0x00,  //.+@@@+.
0x68,0xda,0xff,0xff,0xe0,0x02,0x00,  //*@@@@+.
0x8b,0xff,0xff,0xe0,0x2b,0x00,0x00,  //%@@@+..
0x8b,0xff,0xff,0xff,0xb9,0x00,0x00,  //%@@@%..
0x00,0x30,0xff,0xff,0xff,0x12,0x00,  //.+@@@+.
0x00,0x07,0xff,0xff,0xff,0x23,0x00,  //.+@@@+.
0x00,0x07,0xff,0xff,0xff,0x23,0x00,  //.+@@@+.
0x00,0x07,0xff,0xff,0xff,0x29,0x00,  //.+@@@+.
0x00,0x07,0xff,0xff,0xff,0x83,0x08,  //.+@@@%+
0x00,0x00,0xf0,0xff,0xff,0xff,0xdf,  //..@@@@@
0x00,0x00,0x9d,0xff,0xff,0xff,0xdf,  //..%@@@@
0x00,0x00,0x07,0x61,0x99,0xad,0x99,  //..+*%%%


/* | */
5,4,19,1,3,0,  //dsc : unicode = 0x007c
0x11,0x37,0x37,0x12,  //++++
0x4f,0xff,0xff,0x53,  //*@@*
0x4f,0xff,0xff,0x53,  //*@@*
0x4f,0xff,0xff,0x53,  //*@@*
0x4f,0xff,0xff,0x53,  //*@@*
0x4f,0xff,0xff,0x53,  //*@@*
0x4f,0xff,0xff,0x53,  //*@@*
0x4f,0xff,0xff,0x53,  //*@@*
0x4f,0xff,0xff,0x53,  //*@@*
0x4f,0xff,0xff,0x53,  //*@@*
0x4f,0xff,0xff,0x53,  //*@@*
0x4f,0xff,0xff,0x53,  //*@@*
0x4f,0xff,0xff,0x53,  //*@@*
0x4f,0xff,0xff,0x53,  //*@@*
0x4f,0xff,0xff,0x53,  //*@@*
0x4f,0xff,0xff,0x53,  //*@@*
0x4f,0xff,0xff,0x53,  //*@@*
0x4f,0xff,0xff,0x53,  //*@@*
0x4f,0xff,0xff,0x53,  //*@@*


/* } */
8,7,18,1,2,0,  //dsc : unicode = 0x007d
0xc7,0xfd,0xe9,0xb7,0x2e,0x00,0x00,  //@@@%+..
0xc7,0xff,0xff,0xff,0xd8,0x00,0x00,  //@@@@@..
0x90,0xea,0xff,0xff,0xff,0x0f,0x00,  //%@@@@+.
0x00,0x37,0xff,0xff,0xff,0x1b,0x00,  //.+@@@+.
0x00,0x0b,0xff,0xff,0xff,0x1b,0x00,  //.+@@@+.
0x00,0x0b,0xff,0xff,0xff,0x1b,0x00,  //.+@@@+.
0x00,0x05,0xff,0xff,0xff,0x27,0x00,  //.+@@@+.
0x00,0x00,0xcc,0xff,0xff,0xdf,0x7a,  //..@@@@*
0x00,0x00,0x1f,0xd5,0xff,0xff,0xa3,  //..+@@@%
0x00,0x00,0xa3,0xff,0xff,0xff,0xa3,  //..%@@@%
0x00,0x01,0xfa,0xff,0xff,0x44,0x00,  //.+@@@*.
0x00,0x0b,0xff,0xff,0xff,0x1b,0x00,  //.+@@@+.
0x00,0x0b,0xff,0xff,0xff,0x1b,0x00,  //.+@@@+.
0x00,0x12,0xff,0xff,0xff,0x1b,0x00,  //.+@@@+.
0x06,0x6e,0xff,0xff,0xff,0x1b,0x00,  //+*@@@+.
0xc7,0xff,0xff,0xff,0xfd,0x06,0x00,  //@@@@@+.
0xc7,0xff,0xff,0xff,0xb0,0x00,0x00,  //@@@@%..
0x89,0xae,0x9b,0x69,0x0a,0x00,0x00,  //%%%*+..


/* ~ */
10,9,5,1,9,0,  //dsc : unicode = 0x007e
0x00,0x42,0x72,0x35,0x00,0x00,0x00,0x00,0x00,  //.**+.....
0x57,0xff,0xff,0xff,0x90,0x7a,0xff,0xff,0x0f,  //*@@@%*@@+
0xbc,0xff,0xff,0xff,0xff,0xff,0xff,0xf1,0x00,  //%@@@@@@@.
0xdc,0xff,0xaf,0x6c,0xf9,0xff,0xff,0x8f,0x00,  //@@%*@@@%.
0x00,0x00,0x00,0x00,0x25,0x73,0x5d,0x03,0x00,  //....+**+.


/*  */
11,11,14,0,5,0,  //dsc : unicode = 0x007f
0x33,0xff,0xff,0xff,0xff,0xff,0xff,0xff,0xff,0xff,0xef,  //+@@@@@@@@@@
0x33,0xff,0xa3,0x67,0x67,0x67,0x67,0x67,0x67,0xce,0xef,  //+@%******@@
0x33,0xff,0x63,0x00,0x00,0x00,0x00,0x00,0x00,0xab,0xef,  //+@*......%@
0x33,0xff,0x63,0x00,0x00,0x00,0x00,0x00,0x00,0xab,0xef,  //+@*......%@
0x33,0xff,0x63,0x00,0x00,0x00,0x00,0x00,0x00,0xab,0xef,  //+@*......%@
0x33,0xff,0x63,0x00,0x00,0x00,0x00,0x00,0x00,0xab,0xef,  //+@*......%@
0x33,0xff,0x63,0x00,0x00,0x00,0x00,0x00,0x00,0xab,0xef,  //+@*......%@
0x33,0xff,0x63,0x00,0x00,0x00,0x00,0x00,0x00,0xab,0xef,  //+@*......%@
0x33,0xff,0x63,0x00,0x00,0x00,0x00,0x00,0x00,0xab,0xef,  //+@*......%@
0x33,0xff,0x63,0x00,0x00,0x00,0x00,0x00,0x00,0xab,0xef,  //+@*......%@
0x33,0xff,0x63,0x00,0x00,0x00,0x00,0x00,0x00,0xab,0xef,  //+@*......%@
0x33,0xff,0x63,0x00,0x00,0x00,0x00,0x00,0x00,0xab,0xef,  //+@*......%@
0x33,0xff,0xa0,0x63,0x63,0x63,0x63,0x63,0x63,0xcc,0xef,  //+@%******@@
0x33,0xff,0xff,0xff,0xff,0xff,0xff,0xff,0xff,0xff,0xef,  //+@@@@@@@@@@


};


static const uint8_t * __user_font_get_bitmap(const lv_font_t * font, uint32_t unicode_letter) {
    x_header_t *p_hd = (x_header_t*)&glyph_dsc_xbf[0];
    if( unicode_letter>p_hd->max || unicode_letter<p_hd->min ) {
        return NULL;
    }
    uint32_t unicode_offset = unicode_letter-p_hd->min;
    uint32_t *p_pos = (uint32_t *)&glyph_dsc_xbf[ sizeof(x_header_t) ];
    if( p_pos[unicode_offset] != 0 ) {
        return &glyph_dsc_xbf[ p_pos[unicode_offset]+sizeof(glyph_dsc_t) ];
    }
    return NULL;
}


static bool __user_font_get_glyph_dsc(const lv_font_t * font, lv_font_glyph_dsc_t * dsc_out, uint32_t unicode_letter, uint32_t unicode_letter_next) {
    x_header_t *p_hd = (x_header_t*)&glyph_dsc_xbf[0];
    if( unicode_letter>p_hd->max || unicode_letter<p_hd->min ) {
        return false;
    }
    uint32_t unicode_offset = unicode_letter-p_hd->min;
    uint32_t *p_pos = (uint32_t *)&glyph_dsc_xbf[ sizeof(x_header_t) ];
    if( p_pos[unicode_offset] != 0 ) {
        glyph_dsc_t * gdsc = (glyph_dsc_t*)&glyph_dsc_xbf[ p_pos[unicode_offset] ];
        dsc_out->adv_w = gdsc->adv_w;
        dsc_out->box_h = gdsc->box_h;
        dsc_out->box_w = gdsc->box_w;
        dsc_out->ofs_x = gdsc->ofs_x;
        dsc_out->ofs_y = gdsc->ofs_y;
        dsc_out->bpp   = p_hd->bpp;
        return true;
    }
    return false;
}


//Montserrat,,-1
//字模高度：24
//XBF字体,内部大数组
lv_font_t montserrat_x20b = {
    .get_glyph_bitmap = __user_font_get_bitmap,
    .get_glyph_dsc = __user_font_get_glyph_dsc,
    .line_height = 24,
    .base_line = 0,
};

